ID,HP,MP,AT,MAT,SPD,DF,MDF,A-AV,M-AV,SPECIAL,UK,Element,Element Null,Status Resist,Target Arrow X,Target Arrow Y,Target Arrow Z,UK,UK,UK,UK,UK,UK,UK,Name
0,50,0,10,8,50,170,95,0,0,0,0,2,0,99,5,12,0,8,5,2,5,6,0,0,Mantis
1,240,0,48,41,60,240,90,0,0,0,0,2,0,99,253,7,0,9,9,2,1,4,0,0,Scissorhands
2,1421,0,65,82,60,120,200,0,0,128,0,8,0,255,0,16,0,0,0,1,1,10,0,0,Spinninghead
3,5760,0,115,98,50,120,120,0,0,16,0,2,0,99,0,16,0,0,0,5,13,14,0,0,Sandworm
4,82,0,12,15,70,100,140,20,0,0,0,128,0,99,1,12,0,8,8,1,0,7,0,0,Sea Dragon
5,1154,0,79,84,60,140,160,10,0,0,0,1,0,99,0,9,0,8,4,2,1,6,0,0,Land Skater
6,1243,0,91,67,50,170,130,0,0,16,0,64,0,99,3,15,0,8,5,3,2,9,0,0,Beastie Dragon
7,4800,0,130,141,50,210,220,0,0,16,0,4,0,99,3,12,0,0,0,2,8,7,0,0,Manticore
8,10,0,4,3,40,140,140,0,0,0,0,128,0,99,1,9,0,8,6,1,1,6,0,0,Goblin
9,3840,0,135,110,50,200,140,0,0,16,0,2,0,107,0,17,0,8,3,3,3,12,0,0,Minotaur
10,4800,0,143,120,60,220,120,0,0,144,0,4,0,255,0,17,0,8,3,2,1,10,0,0,Hyper Skeleton
11,3280,0,131,131,50,160,160,0,0,144,0,2,0,99,255,16,0,8,3,3,0,8,0,0,Basilisk
12,1680,0,74,55,50,100,100,0,0,16,0,2,0,99,2,19,0,0,0,3,5,12,0,0,Flabby Troll
13,75,0,11,9,60,100,80,0,0,0,0,2,0,99,255,7,0,11,0,3,2,5,0,0,Evil Spider
14,300,0,48,45,60,220,140,0,0,0,0,16,0,99,0,18,0,8,4,2,0,9,0,0,Spider Urchin
15,200,0,23,18,60,140,100,0,0,0,0,2,0,99,0,16,0,8,4,2,2,10,0,0,Strong Man
16,888,0,50,49,80,160,190,0,0,0,0,16,0,99,0,20,0,16,10,3,0,15,0,0,Dragonfly
17,375,0,23,34,60,100,180,5,0,0,0,128,0,99,0,8,0,8,5,0,4,4,0,0,Hell Hound
18,600,0,72,57,50,160,100,0,0,144,0,4,0,127,1,22,0,8,5,3,2,16,0,0,Death
19,100,0,19,17,50,180,60,0,0,0,0,2,0,99,0,14,0,12,5,2,0,9,0,0,Lizard Man
20,2000,0,113,90,50,160,120,0,0,0,0,2,0,99,250,15,0,8,5,3,251,9,0,0,White Ape
21,8,0,4,4,45,120,140,0,0,0,0,64,0,99,1,11,0,10,5,1,2,7,0,0,Assassin Cock
22,112,0,13,15,60,120,100,0,0,0,0,1,0,107,255,14,0,8,3,2,255,10,0,0,Merman
23,960,0,55,69,70,120,160,10,0,0,0,1,0,99,0,7,0,10,10,1,1,5,0,0,Glare
24,5,0,3,3,45,100,140,0,0,0,0,4,0,107,4,6,0,8,5,0,5,4,0,0,Berserk Mouse
25,2440,0,167,131,50,220,160,0,0,0,0,2,0,99,3,14,2,8,5,2,2,9,0,0,Dragon Soldier
26,600,0,51,45,50,180,100,0,0,16,0,2,0,99,2,15,0,8,3,3,10,9,0,0,Earth Shaker
27,32,0,7,9,70,100,140,0,0,0,0,4,0,99,255,7,0,8,5,0,0,5,0,0,Vampire Kiwi
28,75,0,10,17,80,100,200,20,0,0,0,2,0,227,0,8,0,8,3,1,0,6,0,0,Myconido
29,624,0,45,45,60,140,70,0,0,16,0,64,0,99,3,18,0,0,0,3,4,11,0,0,Roc
30,947,0,78,72,50,200,110,0,0,0,0,2,2,255,0,12,0,9,5,1,255,6,0,0,Gnome
31,1600,0,102,82,60,200,120,0,0,0,0,8,0,255,0,16,0,16,8,2,2,10,0,0,Bowling
32,1332,0,84,96,50,160,200,0,0,16,0,1,1,255,1,21,0,8,7,2,1,14,0,0,Freeze Knight
33,65,0,12,17,60,120,180,20,20,0,0,128,128,255,254,18,0,10,4,2,255,14,0,0,Fire Spirit
34,3995,0,157,143,65,310,160,0,0,128,0,16,0,255,0,22,0,8,4,2,1,14,0,0,Mad Skull
35,160,0,17,17,60,120,100,0,0,0,0,16,0,99,0,16,0,8,4,1,6,10,0,0,Run Fast
36,2080,0,93,111,70,140,180,10,0,0,0,64,0,227,0,19,0,0,0,1,5,15,0,0,Canbria Dayfly
37,2013,0,97,86,80,200,140,20,0,0,0,64,0,99,4,28,0,0,0,3,0,22,0,0,Wyvern
38,12,0,4,4,30,180,60,0,0,0,0,2,0,99,0,10,0,8,6,3,1,7,0,0,Trent
39,1600,0,99,95,70,190,120,0,0,0,0,8,0,255,1,15,0,22,5,1,2,9,0,0,Spring Hitter
40,3105,0,110,128,60,190,160,0,0,0,0,4,0,255,0,28,0,8,10,3,2,22,0,0,Guillotine
41,1728,0,106,86,80,160,120,0,0,0,0,8,0,255,1,17,0,8,2,2,0,12,0,0,Terminator
42,4,0,0,0,150,100,100,50,50,131,0,8,0,255,0,14,0,8,8,1,0,11,0,0,OOPARTS
43,1184,0,68,82,70,120,190,10,10,0,0,32,0,99,0,14,0,8,4,1,255,11,0,0,Fairy
44,1125,0,72,72,60,140,160,0,0,0,0,2,0,99,0,11,0,8,5,1,0,7,0,0,Puck
45,40,0,9,8,50,180,100,0,0,16,0,2,0,99,0,14,0,8,5,1,1,10,0,0,Mole
46,30,0,8,12,70,100,140,20,0,0,0,4,0,99,0,17,0,17,5,0,0,13,0,0,Screaming Bat
47,1760,0,95,95,60,140,190,0,0,0,0,4,0,99,0,15,0,8,10,2,0,11,0,0,Succubus
48,4736,0,103,84,50,120,100,0,0,144,0,2,0,99,10,30,0,0,0,5,11,14,0,0,Mammoth
49,3280,0,119,150,70,140,180,5,0,0,0,16,0,99,3,10,0,8,10,1,6,6,0,0,MetalFang
50,1280,0,82,102,70,120,140,20,0,0,0,64,0,99,0,5,0,8,4,2,6,4,0,0,Windy Weasel
51,1680,0,85,67,60,180,80,0,0,16,0,2,0,107,2,20,0,8,4,3,5,15,0,0,Wounded Bear
52,360,0,38,40,80,120,70,20,0,0,0,64,0,99,0,7,0,8,4,0,0,3,0,0,Erupting Chick
53,780,0,61,77,60,120,160,20,0,0,0,64,0,99,2,7,0,8,5,1,1,6,0,0,Flying Rat
54,4,0,0,0,120,100,100,0,0,140,0,8,0,251,0,15,0,8,5,1,0,11,0,0,Rainbow Bird
55,128,0,19,18,50,180,100,0,0,0,0,2,0,255,1,16,0,8,2,2,1,11,0,0,Living Statue
56,5200,0,131,119,60,160,140,0,0,0,0,2,0,99,2,9,0,11,5,2,1,6,0,0,Madman
57,2880,0,97,90,50,140,100,0,0,0,0,16,0,99,255,20,0,8,5,3,0,13,0,0,Wildman
58,250,0,21,21,70,100,180,0,0,0,0,4,0,99,4,8,0,8,5,2,5,7,0,0,Gargoyle
59,22,0,8,8,60,120,120,20,0,0,0,64,0,99,0,17,0,8,5,1,0,13,0,0,Crescent Bee
60,2560,0,105,124,70,120,290,0,0,0,0,1,0,99,0,17,0,12,5,2,0,13,0,0,Jelly
61,1920,0,105,98,60,200,160,0,0,0,0,2,0,99,0,12,0,8,4,1,3,7,0,0,Spiky Beetle
62,6000,0,139,130,60,160,160,0,0,0,0,2,0,99,1,12,0,10,5,2,1,5,0,0,Slug
63,1440,0,86,120,60,120,240,0,5,0,0,32,0,99,2,12,0,21,0,2,1,8,0,0,Witch
64,88,0,9,9,60,90,220,0,0,0,0,64,0,99,0,18,0,8,2,1,3,13,0,0,Ugly Balloon
65,2240,0,120,109,60,200,100,0,0,0,0,16,16,255,2,16,0,8,5,2,3,12,0,0,Maximum Volt
66,400,0,24,23,80,140,180,0,0,144,0,32,0,255,0,26,0,18,5,5,4,15,0,0,Crystal Golem
67,2072,0,81,84,50,240,120,0,0,16,0,2,0,99,7,16,0,9,5,2,10,5,0,0,Rocky Turtle
68,80,0,14,13,50,180,70,0,0,0,0,1,0,99,2,5,0,8,5,2,4,4,0,0,Crocodile
69,384,0,41,45,80,140,160,5,0,0,0,2,0,99,1,14,0,8,4,2,0,9,0,0,Frilled Lizard
70,2400,0,57,64,70,120,200,0,0,16,0,4,0,99,255,16,0,9,5,2,0,10,0,0,Magician Bogy
71,16000,0,184,103,80,220,160,0,0,144,0,2,0,99,4,17,0,0,0,4,11,8,0,0,Triceratops
72,3424,0,124,110,80,200,140,0,0,16,0,1,0,99,2,9,0,0,0,2,5,6,0,0,Stern Fish
73,1080,0,68,67,80,120,160,10,0,0,0,64,0,99,1,14,0,8,2,1,1,9,0,0,Forest Runner
74,62,0,13,15,80,100,140,20,0,0,0,128,0,99,0,8,0,11,1,1,1,6,0,0,Magma Fish
75,1600,0,110,110,60,170,160,0,0,16,0,1,0,99,4,11,0,0,0,2,7,7,0,0,Scud Shark
76,480,0,62,69,60,240,90,0,0,0,0,1,0,99,0,8,0,8,5,1,0,5,0,0,Screw Shell
77,2800,0,126,141,60,180,160,0,0,0,0,2,0,99,0,7,0,8,4,1,0,5,0,0,Potbelly
78,3600,0,131,120,60,180,180,0,0,0,0,4,0,255,1,21,0,9,10,2,1,16,0,0,Loner Knight
79,1200,0,58,50,60,70,90,0,0,0,0,4,0,111,2,14,0,8,2,2,1,11,0,0,Berserker
80,3995,0,103,128,70,140,220,10,0,0,0,64,0,99,0,18,0,8,5,2,1,14,0,0,Professor
81,10000,0,103,158,60,160,220,0,5,128,0,32,0,255,255,11,0,8,10,2,1,7,0,0,Psyche Druid
82,840,0,54,50,70,160,140,0,0,0,0,2,0,99,4,13,253,8,5,2,2,10,0,0,Gangster
83,600,0,48,45,80,140,120,5,0,0,0,4,0,99,0,7,255,8,5,2,0,6,0,0,Crafty Thief
84,2840,0,123,120,70,140,100,0,0,0,0,4,0,127,0,14,0,11,5,1,0,11,0,0,Undead
85,600,0,57,57,60,140,140,0,0,16,0,4,0,99,2,13,1,8,5,2,1,8,0,0,Skeleton
86,480,0,52,64,80,120,220,20,0,0,0,128,0,99,0,18,0,13,3,1,0,14,0,0,Will-o'-Wisp
87,4,0,0,0,200,100,100,0,0,134,0,8,0,255,1,8,0,11,2,1,1,6,0,0,Cursed Jar
88,320,0,18,17,80,120,120,0,0,16,0,4,0,99,253,16,0,0,0,3,254,12,0,0,Man Eating Bud
89,1280,0,102,102,60,190,190,0,0,0,0,2,0,99,0,13,0,11,5,2,1,8,0,0,Cactus
90,240,0,15,19,60,80,140,0,0,0,0,1,0,99,0,13,0,8,6,2,1,9,0,0,Mandrake
91,1200,0,66,80,60,120,180,0,0,0,0,1,0,99,2,13,0,8,5,2,1,10,0,0,Mermaid
92,105,0,15,14,50,160,80,0,0,0,0,128,0,99,3,4,0,8,4,2,7,3,0,0,Salamander
93,6400,0,126,158,60,200,220,0,0,0,0,32,0,99,6,20,0,10,2,2,5,14,0,0,Unicorn
94,60,0,10,8,60,140,60,0,0,0,0,4,0,99,0,9,0,8,5,1,1,8,0,0,Orc
95,1350,0,65,67,70,110,220,0,0,0,0,4,0,99,0,8,0,9,3,2,1,8,0,0,Dark Elf
96,888,0,75,75,60,180,120,0,0,0,0,16,0,99,0,8,0,8,5,1,0,5,0,0,Baby Dragon
97,3000,0,121,116,60,160,200,10,0,0,0,64,0,99,3,27,0,8,4,2,1,21,0,0,Harpy
98,3200,0,121,141,70,200,240,5,5,0,0,16,0,99,1,7,0,8,2,1,1,4,0,0,Cute Cat
99,504,0,51,51,60,140,140,0,0,0,0,2,0,99,0,14,0,14,10,2,1,11,0,0,Arrow Shooter
100,100,0,13,13,60,120,120,0,0,0,0,128,0,99,2,9,0,11,5,2,1,6,0,0,Red Hot
101,1330,0,115,155,75,140,290,50,0,0,0,4,0,99,254,18,0,10,4,2,255,14,0,0,Specter
102,1140,0,33,35,80,140,160,10,0,128,0,4,0,255,3,11,0,8,6,2,2,8,0,0,Sandora Elite
103,450,0,26,26,50,120,120,0,0,0,0,128,0,99,2,12,0,8,5,2,1,9,0,0,Knight of Sandora
104,50,0,9,8,50,100,80,0,0,0,0,2,0,99,2,9,0,11,5,2,1,6,0,0,Slime
105,250,0,21,24,60,100,140,10,0,0,0,128,0,99,1,11,0,10,5,1,2,7,0,0,Fowl Fighter
106,420,0,41,45,80,120,160,0,0,0,0,4,0,99,255,7,0,8,5,0,0,5,0,0,Killer Bird
107,160,0,17,21,80,80,140,10,0,0,0,2,0,227,4,6,0,8,5,0,5,4,0,0,Plague Rat
108,192,0,43,45,70,110,160,20,0,0,0,64,0,227,0,17,0,8,5,1,0,13,0,0,Stinger
109,480,0,43,57,60,180,100,0,0,0,0,2,0,99,0,9,0,8,5,1,1,8,0,0,Piggy
110,840,0,57,66,80,100,140,20,0,0,0,1,0,99,0,8,0,11,1,1,1,6,0,0,Sea Piranha
111,474,0,65,82,80,120,160,20,0,0,0,2,0,227,0,8,0,8,3,1,0,6,0,0,Toad Stool
112,651,0,67,90,70,160,160,10,0,0,0,128,0,99,1,12,0,8,5,1,0,7,0,0,Mega Sea Dragon
113,1214,0,85,67,50,140,100,0,0,0,0,2,0,227,255,7,0,11,0,3,2,5,0,0,Deadly Spider
114,592,0,96,76,60,200,140,0,0,0,0,1,0,99,0,18,0,8,4,2,0,9,0,0,Icicle Ball
115,80,0,13,20,70,100,140,20,0,0,0,64,0,99,0,17,0,17,5,0,0,13,0,0,Tricky Bat
116,1800,0,90,90,60,160,160,0,0,0,0,4,0,99,2,13,1,8,5,2,1,11,0,0,Mr.Bone
117,900,0,71,67,50,160,120,0,0,0,0,2,0,99,0,10,0,8,2,3,1,7,0,0,Moss Dresser
118,2660,0,128,103,50,160,140,10,0,128,0,4,0,127,1,22,0,8,5,3,2,16,0,0,Death Purger
119,1120,0,101,89,60,260,140,0,0,0,0,2,0,99,253,7,0,9,4,2,1,4,0,0,Scorpion
120,8400,0,130,126,60,160,240,0,0,16,0,1,0,99,253,16,0,0,0,3,254,12,0,0,Trap Plant
121,2560,0,112,110,70,160,200,0,0,0,0,1,0,99,255,14,0,8,3,2,255,10,0,0,Aqua King
122,3400,0,112,112,60,140,140,20,0,16,0,64,0,99,3,18,0,0,0,3,4,11,0,0,Sky Chaser
123,5400,0,143,126,50,220,180,5,0,0,0,64,0,99,4,28,0,0,0,3,0,22,0,0,Air Combat
124,5,0,0,0,200,100,100,0,0,137,0,8,0,255,1,8,0,11,2,1,1,6,0,0,Treasure Jar
125,1775,0,138,120,70,200,140,0,0,0,0,8,0,255,1,17,0,8,2,2,0,12,0,0,Human Hunter
126,5000,0,145,114,50,180,120,0,0,0,0,2,0,99,250,15,0,8,5,3,251,9,0,0,Mountain Ape
127,12000,0,121,143,60,180,260,0,0,128,0,4,0,255,0,16,0,0,0,1,1,10,0,0,Roulette Face
128,4440,0,116,126,80,180,180,0,0,0,0,128,0,99,0,8,0,8,5,1,0,5,0,0,Swift Dragon
129,300,0,22,21,50,120,120,0,0,0,0,128,0,99,0,11,0,8,5,2,255,9,0,0,Hellena Warden
130,100,0,12,11,50,120,120,0,0,0,0,128,0,99,2,12,0,8,5,2,1,9,0,0,Sandora Soldier
131,128,0,13,13,60,120,120,0,0,0,0,128,0,99,2,12,0,8,5,2,1,9,0,0,Sandora Soldier
132,160,0,12,15,70,100,140,0,0,0,0,1,0,99,2,12,0,8,5,2,1,9,0,0,Sandora Soldier
133,375,0,25,21,60,150,100,0,0,0,0,128,0,99,2,13,1,8,5,2,1,9,0,0,Senior Warden
134,18,0,6,5,50,120,120,0,0,0,0,128,0,99,0,11,0,8,5,2,255,9,0,0,Hellena Warden
135,320,0,15,13,70,140,100,0,0,128,0,4,0,99,0,14,0,8,5,2,0,11,0,0,Commander
136,5,0,0,0,120,100,100,50,0,134,0,1,0,255,0,15,0,8,5,1,0,11,0,0,Blue Bird
137,5,0,0,0,120,100,100,0,50,137,0,128,0,255,0,15,0,8,5,1,0,11,0,0,Red Bird
138,4,0,0,0,120,100,100,50,20,131,0,2,0,255,0,15,0,8,5,1,0,11,0,0,Yellow Bird
139,6,0,0,0,200,100,100,0,0,140,0,8,0,127,1,8,0,11,2,1,1,6,0,0,Lucky Jar
140,0,0,0,0,0,0,0,0,0,0,0,0,0,99,0,0,0,0,0,2,0,0,0,0,??? (Terminator ?)
141,0,0,0,0,0,0,0,0,0,0,0,0,0,99,0,0,0,0,0,2,0,0,0,0,???
142,0,0,0,0,0,0,0,0,0,0,0,0,0,99,0,0,0,0,0,2,0,0,0,0,???
143,0,0,0,0,0,0,0,0,0,0,0,0,0,99,0,0,0,0,0,2,0,0,0,0,Madman
144,5200,0,131,119,60,160,140,0,0,0,0,2,0,99,2,9,0,11,5,2,1,6,0,0,Madman
145,5200,0,131,119,60,160,140,0,0,0,0,2,0,99,2,9,0,11,5,2,1,6,0,0,Madman
146,100,0,13,13,60,120,120,0,0,0,0,128,0,99,2,9,0,11,5,2,1,6,0,0,Red Hot
147,100,0,13,13,60,120,120,0,0,0,0,128,0,99,2,9,0,11,5,2,1,6,0,0,Red Hot
148,50,0,9,8,50,100,80,0,0,0,0,2,0,99,2,9,0,11,5,2,1,6,0,0,Madman
149,50,0,9,8,50,100,80,0,0,0,0,2,0,99,2,9,0,11,5,2,1,6,0,0,Madman
150,65,0,13,17,60,120,180,20,20,0,0,128,0,255,254,18,0,10,4,2,255,14,0,0,Fire Spirit
151,65,0,13,17,60,120,180,20,20,0,0,128,0,255,254,18,0,10,4,2,255,14,0,0,Fire Spirit
152,1330,0,120,155,75,140,290,50,0,0,0,4,0,99,254,18,0,10,4,2,255,14,0,0,Specter
153,1330,0,120,155,75,140,290,50,0,0,0,4,0,99,254,18,0,10,4,2,255,14,0,0,Specter
154,480,0,52,64,80,120,220,20,0,0,0,128,0,99,0,18,0,13,3,1,0,14,0,0,Will-o'-Wisp
155,480,0,52,64,80,120,220,20,0,0,0,128,0,99,0,18,0,13,3,1,0,14,0,0,Will-o'-Wisp
156,160,0,30,42,80,80,180,20,0,0,0,0,0,99,0,18,0,13,3,1,0,14,0,0,Will-o'-Wisp (No name)
157,60,0,12,15,80,100,140,20,0,0,0,128,0,99,0,8,0,11,1,1,1,6,0,0,Magma Fish
158,60,0,12,15,80,100,140,20,0,0,0,128,0,99,0,8,0,11,1,1,1,6,0,0,Magma Fish
159,24,0,8,11,80,80,120,20,0,0,0,0,0,99,0,8,0,11,1,1,1,6,0,0,Magma Fish (No name)
160,32,0,11,10,50,140,60,0,0,0,0,128,0,99,3,4,0,8,4,2,7,3,0,0,Salamander (No name)
161,32,0,11,10,50,140,60,0,0,0,0,128,0,99,3,4,0,8,4,2,7,3,0,0,Salamander (No name)
162,0,0,0,0,0,0,0,0,0,0,0,0,0,99,3,4,0,8,4,2,7,3,0,0,Crash
163,0,0,0,0,0,0,0,0,0,0,0,0,0,99,0,0,0,0,0,2,0,0,0,0,Crash
164,0,0,0,0,0,0,0,0,0,0,0,0,0,99,0,0,0,0,0,2,0,0,0,0,N/A
165,0,0,0,0,0,0,0,0,0,0,0,0,0,99,0,0,0,0,0,2,0,0,0,0,N/A
166,0,0,0,0,0,0,0,0,0,0,0,0,0,99,0,0,0,0,0,2,0,0,0,0,N/A
167,0,0,0,0,0,0,0,0,0,0,0,0,0,99,0,0,0,0,0,2,0,0,0,0,N/A
168,0,0,0,0,0,0,0,0,0,0,0,0,0,99,0,0,0,0,0,2,0,0,0,0,N/A
169,0,0,0,0,0,0,0,0,0,0,0,0,0,99,0,0,0,0,0,2,0,0,0,0,N/A
170,0,0,0,0,0,0,0,0,0,0,0,0,0,99,0,0,0,0,0,2,0,0,0,0,N/A
171,0,0,0,0,0,0,0,0,0,0,0,0,0,99,0,0,0,0,0,2,0,0,0,0,N/A
172,0,0,0,0,0,0,0,0,0,0,0,0,0,99,0,0,0,0,0,2,0,0,0,0,N/A
173,0,0,0,0,0,0,0,0,0,0,0,0,0,99,0,0,0,0,0,2,0,0,0,0,N/A
174,0,0,0,0,0,0,0,0,0,0,0,0,0,99,0,0,0,0,0,2,0,0,0,0,N/A
175,0,0,0,0,0,0,0,0,0,0,0,0,0,99,0,0,0,0,0,2,0,0,0,0,N/A
176,0,0,0,0,0,0,0,0,0,0,0,0,0,99,0,0,0,0,0,2,0,0,0,0,N/A
177,0,0,0,0,0,0,0,0,0,0,0,0,0,99,0,0,0,0,0,2,0,0,0,0,N/A
178,0,0,0,0,0,0,0,0,0,0,0,0,0,99,0,0,0,0,0,2,0,0,0,0,N/A
179,0,0,0,0,0,0,0,0,0,0,0,0,0,99,0,0,0,0,0,2,0,0,0,0,N/A
180,0,0,0,0,0,0,0,0,0,0,0,0,0,99,0,0,0,0,0,2,0,0,0,0,N/A
181,0,0,0,0,0,0,0,0,0,0,0,0,0,99,0,0,0,0,0,2,0,0,0,0,N/A
182,0,0,0,0,0,0,0,0,0,0,0,0,0,99,0,0,0,0,0,2,0,0,0,0,N/A
183,0,0,0,0,0,0,0,0,0,0,0,0,0,99,0,0,0,0,0,2,0,0,0,0,N/A
184,0,0,0,0,0,0,0,0,0,0,0,0,0,99,0,0,0,0,0,2,0,0,0,0,N/A
185,0,0,0,0,0,0,0,0,0,0,0,0,0,99,0,0,0,0,0,2,0,0,0,0,N/A
186,0,0,0,0,0,0,0,0,0,0,0,0,0,99,0,0,0,0,0,2,0,0,0,0,N/A
187,0,0,0,0,0,0,0,0,0,0,0,0,0,99,0,0,0,0,0,2,0,0,0,0,N/A
188,0,0,0,0,0,0,0,0,0,0,0,0,0,99,0,0,0,0,0,2,0,0,0,0,N/A
189,0,0,0,0,0,0,0,0,0,0,0,0,0,99,0,0,0,0,0,2,0,0,0,0,N/A
190,0,0,0,0,0,0,0,0,0,0,0,0,0,99,0,0,0,0,0,2,0,0,0,0,N/A
191,0,0,0,0,0,0,0,0,0,0,0,0,0,99,0,0,0,0,0,2,0,0,0,0,N/A
192,0,0,0,0,0,0,0,0,0,0,0,0,0,99,0,0,0,0,0,2,0,0,0,0,N/A
193,0,0,0,0,0,0,0,0,0,0,0,0,0,99,0,0,0,0,0,2,0,0,0,0,N/A
194,0,0,0,0,0,0,0,0,0,0,0,0,0,99,0,0,0,0,0,2,0,0,0,0,N/A
195,0,0,0,0,0,0,0,0,0,0,0,0,0,99,0,0,0,0,0,2,0,0,0,0,N/A
196,0,0,0,0,0,0,0,0,0,0,0,0,0,99,0,0,0,0,0,2,0,0,0,0,N/A
197,0,0,0,0,0,0,0,0,0,0,0,0,0,99,0,0,0,0,0,2,0,0,0,0,N/A
198,0,0,0,0,0,0,0,0,0,0,0,0,0,99,0,0,0,0,0,2,0,0,0,0,N/A
199,0,0,0,0,0,0,0,0,0,0,0,0,0,99,0,0,0,0,0,2,0,0,0,0,N/A
200,0,0,0,0,0,0,0,0,0,0,0,0,0,99,0,0,0,0,0,2,0,0,0,0,N/A
201,0,0,0,0,0,0,0,0,0,0,0,0,0,99,0,0,0,0,0,2,0,0,0,0,N/A
202,0,0,0,0,0,0,0,0,0,0,0,0,0,99,0,0,0,0,0,2,0,0,0,0,N/A
203,0,0,0,0,0,0,0,0,0,0,0,0,0,99,0,0,0,0,0,2,0,0,0,0,N/A
204,0,0,0,0,0,0,0,0,0,0,0,0,0,99,0,0,0,0,0,2,0,0,0,0,N/A
205,0,0,0,0,0,0,0,0,0,0,0,0,0,99,0,0,0,0,0,2,0,0,0,0,N/A
206,0,0,0,0,0,0,0,0,0,0,0,0,0,99,0,0,0,0,0,2,0,0,0,0,N/A
207,0,0,0,0,0,0,0,0,0,0,0,0,0,99,0,0,0,0,0,2,0,0,0,0,N/A
208,0,0,0,0,0,0,0,0,0,0,0,0,0,99,0,0,0,0,0,2,0,0,0,0,N/A
209,0,0,0,0,0,0,0,0,0,0,0,0,0,99,0,0,0,0,0,2,0,0,0,0,N/A
210,0,0,0,0,0,0,0,0,0,0,0,0,0,99,0,0,0,0,0,2,0,0,0,0,N/A
211,0,0,0,0,0,0,0,0,0,0,0,0,0,99,0,0,0,0,0,2,0,0,0,0,N/A
212,0,0,0,0,0,0,0,0,0,0,0,0,0,99,0,0,0,0,0,2,0,0,0,0,N/A
213,0,0,0,0,0,0,0,0,0,0,0,0,0,99,0,0,0,0,0,2,0,0,0,0,N/A
214,0,0,0,0,0,0,0,0,0,0,0,0,0,99,0,0,0,0,0,2,0,0,0,0,N/A
215,0,0,0,0,0,0,0,0,0,0,0,0,0,99,0,0,0,0,0,2,0,0,0,0,N/A
216,0,0,0,0,0,0,0,0,0,0,0,0,0,99,0,0,0,0,0,2,0,0,0,0,N/A
217,0,0,0,0,0,0,0,0,0,0,0,0,0,99,0,0,0,0,0,2,0,0,0,0,N/A
218,0,0,0,0,0,0,0,0,0,0,0,0,0,99,0,0,0,0,0,2,0,0,0,0,N/A
219,0,0,0,0,0,0,0,0,0,0,0,0,0,99,0,0,0,0,0,2,0,0,0,0,N/A
220,0,0,0,0,0,0,0,0,0,0,0,0,0,99,0,0,0,0,0,2,0,0,0,0,N/A
221,0,0,0,0,0,0,0,0,0,0,0,0,0,99,0,0,0,0,0,2,0,0,0,0,N/A
222,0,0,0,0,0,0,0,0,0,0,0,0,0,99,0,0,0,0,0,2,0,0,0,0,N/A
223,0,0,0,0,0,0,0,0,0,0,0,0,0,99,0,0,0,0,0,2,0,0,0,0,N/A
224,0,0,0,0,0,0,0,0,0,0,0,0,0,99,0,0,0,0,0,2,0,0,0,0,N/A
225,0,0,0,0,0,0,0,0,0,0,0,0,0,99,0,0,0,0,0,2,0,0,0,0,N/A
226,0,0,0,0,0,0,0,0,0,0,0,0,0,99,0,0,0,0,0,2,0,0,0,0,N/A
227,0,0,0,0,0,0,0,0,0,0,0,0,0,99,0,0,0,0,0,2,0,0,0,0,N/A
228,0,0,0,0,0,0,0,0,0,0,0,0,0,99,0,0,0,0,0,2,0,0,0,0,N/A
229,0,0,0,0,0,0,0,0,0,0,0,0,0,99,0,0,0,0,0,2,0,0,0,0,N/A
230,0,0,0,0,0,0,0,0,0,0,0,0,0,99,0,0,0,0,0,2,0,0,0,0,N/A
231,0,0,0,0,0,0,0,0,0,0,0,0,0,99,0,0,0,0,0,2,0,0,0,0,N/A
232,0,0,0,0,0,0,0,0,0,0,0,0,0,99,0,0,0,0,0,2,0,0,0,0,N/A
233,0,0,0,0,0,0,0,0,0,0,0,0,0,99,0,0,0,0,0,2,0,0,0,0,N/A
234,0,0,0,0,0,0,0,0,0,0,0,0,0,99,0,0,0,0,0,2,0,0,0,0,N/A
235,0,0,0,0,0,0,0,0,0,0,0,0,0,99,0,0,0,0,0,2,0,0,0,0,N/A
236,0,0,0,0,0,0,0,0,0,0,0,0,0,99,0,0,0,0,0,2,0,0,0,0,N/A
237,0,0,0,0,0,0,0,0,0,0,0,0,0,99,0,0,0,0,0,2,0,0,0,0,N/A
238,0,0,0,0,0,0,0,0,0,0,0,0,0,99,0,0,0,0,0,2,0,0,0,0,Crash
239,0,0,0,0,0,0,0,0,0,0,0,0,0,99,0,0,0,0,0,2,0,0,0,0,Crash
240,0,0,0,0,0,0,0,0,0,0,0,0,0,99,0,0,0,0,0,2,0,0,0,0,Crash
241,0,0,0,0,0,0,0,0,0,0,0,0,0,99,0,0,0,0,0,2,0,0,0,0,Crash
242,0,0,0,0,0,0,0,0,0,0,0,0,0,99,0,0,0,0,0,2,0,0,0,0,Crash
243,0,0,0,0,0,0,0,0,0,0,0,0,0,99,0,0,0,0,0,2,0,0,0,0,Crash
244,0,0,0,0,0,0,0,0,0,0,0,0,0,99,0,0,0,0,0,2,0,0,0,0,Crash
245,0,0,0,0,0,0,0,0,0,0,0,0,0,99,0,0,0,0,0,2,0,0,0,0,Crash
246,0,0,0,0,0,0,0,0,0,0,0,0,0,99,0,0,0,0,0,2,0,0,0,0,Crash
247,0,0,0,0,0,0,0,0,0,0,0,0,0,99,0,0,0,0,0,2,0,0,0,0,Crash
248,0,0,0,0,0,0,0,0,0,0,0,0,0,99,0,0,0,0,0,2,0,0,0,0,Crash
249,0,0,0,0,0,0,0,0,0,0,0,0,0,99,0,0,0,0,0,2,0,0,0,0,Crash
250,0,0,0,0,0,0,0,0,0,0,0,0,0,99,0,0,0,0,0,2,0,0,0,0,Crash
251,0,0,0,0,0,0,0,0,0,0,0,0,0,99,0,0,0,0,0,2,0,0,0,0,Crash
252,0,0,0,0,0,0,0,0,0,0,0,0,0,99,0,0,0,0,0,2,0,0,0,0,Crash
253,100,0,2,2,50,40,40,0,0,192,0,1,0,255,0,11,0,0,0,2,2,10,0,0,Merchant
254,100,0,2,2,50,40,50,0,0,192,0,128,0,255,0,11,0,0,0,2,1,11,0,0,Master Tasman
255,100,0,2,2,50,40,40,0,0,192,0,4,0,255,0,15,0,0,0,2,1,12,0,0,Rose
256,35,0,2,4,40,40,40,0,0,128,0,4,0,255,0,14,0,0,0,2,0,11,0,0,Commander
257,10,0,2,2,40,40,50,0,0,0,0,128,0,255,2,12,0,0,0,2,1,9,0,0,Knight of Sandora
258,700,0,14,14,60,100,140,0,0,128,0,4,0,255,3,11,0,8,5,2,2,8,0,0,Sandora Elite
259,30,0,7,7,50,130,130,0,0,0,0,128,0,255,0,11,0,8,5,2,255,9,0,0,Hellena Warden
260,40,0,8,10,50,130,130,0,0,128,0,128,0,255,2,13,1,8,5,2,1,9,0,0,Senior Warden
261,180,0,8,7,50,150,130,0,0,144,0,2,0,255,255,19,0,8,5,3,3,13,0,0,Fruegel
262,2500,0,32,26,50,120,100,0,0,144,0,2,0,255,255,19,0,8,5,3,3,13,0,0,Fruegel
263,1000,0,28,28,70,120,120,10,0,16,0,64,0,255,0,17,0,8,5,1,0,13,0,0,Rodriguez
264,1250,0,30,24,50,140,80,0,0,16,0,4,0,255,254,11,0,8,5,1,2,7,0,0,Guftas
265,640,0,14,13,60,120,70,0,0,144,0,2,0,255,0,17,0,0,0,3,0,13,0,0,Kongol
266,3000,0,39,28,50,160,100,0,0,144,0,2,0,255,1,19,0,0,0,3,2,14,0,0,Kongol
267,1800,0,38,38,55,120,120,0,0,128,0,16,0,255,3,14,0,8,5,3,2,11,0,0,Emperor Doel
268,5400,0,40,42,55,140,120,0,0,128,0,16,0,255,3,20,0,0,0,3,2,15,0,0,Dragoon Doel
269,399,0,20,20,50,100,100,0,0,128,0,8,0,255,0,16,0,0,0,2,1,11,0,0,Lloyd
270,24000,0,112,97,65,140,190,0,0,144,0,8,0,255,0,18,0,0,0,2,1,14,0,0,Lloyd
271,0,0,0,0,50,50,50,0,0,128,0,0,0,255,0,11,0,0,0,1,0,0,0,0,Missing
272,0,0,0,0,50,50,50,0,0,128,0,0,0,255,0,11,0,0,0,1,0,0,0,0,Missing
273,700,0,14,14,60,100,140,0,0,128,0,4,0,255,3,11,0,8,5,2,2,8,0,0,Sandora Elite
274,960,0,46,45,70,140,120,5,0,128,0,4,0,255,0,7,255,8,5,2,0,7,0,0,Crafty Thief
275,1200,0,25,19,50,120,100,0,0,144,0,64,0,255,19,46,0,0,0,5,13,34,0,0,Feyrbrand
276,0,0,0,0,50,50,50,0,0,144,0,0,0,255,4,17,0,0,0,5,12,16,0,0,???
277,0,0,0,0,50,50,50,0,0,144,0,0,0,255,0,0,0,0,0,0,0,0,0,0,Dummy Lloyd
278,0,0,0,0,50,50,50,0,0,144,0,0,0,255,0,0,0,0,0,0,0,0,0,0,Crash
279,9000,0,81,59,45,160,120,0,0,144,0,1,0,255,148,70,0,0,0,5,148,70,0,0,Regole
280,0,0,0,0,50,50,50,0,0,144,0,0,0,255,0,50,236,0,0,5,0,49,0,0,Tentacle
281,0,0,0,0,50,50,50,0,0,144,0,0,0,255,0,0,0,0,0,0,0,0,0,0,Crash
282,0,0,0,0,50,50,50,0,0,144,0,0,0,255,0,0,0,0,0,0,0,0,0,0,Crash
283,18500,0,85,78,60,200,100,0,0,144,0,8,0,255,166,69,6,0,0,5,166,66,0,0,Divine Dragon
284,65535,0,76,85,50,65535,65535,0,0,144,0,8,0,255,0,59,0,0,0,5,0,57,0,0,Divine Cannon
285,65535,0,76,78,50,65535,65535,0,0,144,0,8,0,255,0,39,34,0,0,5,0,36,0,0,Divine Ball
286,0,0,0,0,50,50,50,0,0,144,0,0,0,255,0,0,0,0,0,0,0,0,0,0,Crash
287,875,0,20,22,60,140,120,0,0,144,0,64,0,255,0,15,0,0,0,2,1,12,0,0,Greham
288,640,0,15,15,50,80,120,0,0,144,0,32,0,255,1,23,0,0,0,2,2,17,0,0,Shirley
289,120,0,15,15,55,80,120,0,0,144,0,32,0,255,0,12,0,0,0,2,0,10,0,0,Shana
290,120,0,17,15,45,100,100,0,0,144,0,64,0,255,0,12,0,0,0,2,1,10,0,0,Albert
291,0,0,0,0,50,50,50,0,0,128,0,0,0,255,0,0,0,0,0,0,0,0,0,0,Crash
292,0,0,0,0,50,50,50,0,0,128,0,0,0,255,0,0,0,0,0,0,0,0,0,0,Crash
293,10500,0,57,72,50,140,200,0,0,144,0,1,0,255,0,15,0,8,5,2,1,11,0,0,Lenus
294,9000,0,66,82,55,140,220,0,0,128,0,1,0,255,0,16,0,0,0,2,0,12,0,0,Lenus
295,90000,0,326,326,60,80,130,0,0,128,0,1,0,255,0,15,0,8,5,2,0,11,0,0,Damia
296,50000,0,382,308,50,210,180,10,0,128,0,64,0,255,1,15,1,8,5,2,1,12,0,0,Syuveil
297,80000,0,388,321,50,160,100,0,0,128,0,2,0,255,0,19,0,8,5,2,2,14,0,0,Belzac
298,60000,0,344,317,70,180,210,10,0,128,0,16,0,255,0,15,0,8,5,2,1,11,0,0,Kanzas
299,1920,0,48,45,70,150,140,0,0,128,0,4,0,255,255,7,0,8,5,2,255,5,0,0,Mappi
300,3600,0,55,50,65,150,140,0,0,128,0,4,0,255,255,7,0,8,5,2,255,5,0,0,Mappi
301,6000,0,60,50,50,160,140,0,0,128,0,2,0,255,0,17,0,8,5,3,0,13,0,0,Gehrich
302,160,0,16,16,50,100,80,0,0,128,0,8,0,255,2,13,0,8,5,2,2,9,0,0,Gorgaga
303,200,0,20,20,50,100,100,0,0,128,0,128,0,255,2,15,0,8,5,2,2,10,0,0,Serfius
304,240,0,23,8,45,120,80,0,0,144,0,2,0,255,0,19,0,8,5,3,2,14,0,0,Danton
305,266,0,16,16,55,80,100,0,0,128,0,4,0,255,0,16,0,8,5,2,1,12,0,0,Atlow
306,0,0,0,0,50,50,50,0,0,128,0,0,0,255,0,0,0,0,0,0,0,3,0,0,Freeze
307,0,0,0,0,50,50,50,0,0,128,0,0,0,255,0,0,0,0,0,0,0,3,0,0,Crash
308,900,0,20,21,50,100,140,0,0,144,0,8,0,255,25,39,0,0,0,5,37,38,0,0,Virage(head)
309,600,0,20,13,50,120,120,0,0,144,0,8,0,255,10,14,232,0,0,5,37,11,0,0,Virage(body)
310,120,0,18,13,50,120,120,0,0,144,0,8,0,255,251,0,243,0,0,5,29,0,0,0,Virage(arm)
311,4800,0,48,48,50,140,140,0,0,144,0,8,0,255,28,60,0,0,0,5,28,57,0,0,Virage(head)
312,300,0,55,48,50,140,140,0,0,144,0,8,0,255,10,0,8,0,0,5,236,0,0,0,Virage(arm)
313,1800,0,55,48,50,140,140,0,0,144,0,8,0,255,0,41,240,0,0,5,16,38,0,0,Virage(body)
314,0,0,0,0,50,50,50,0,0,144,0,0,0,255,0,0,0,0,0,0,0,3,0,0,Freeze
315,0,0,0,0,50,50,50,0,0,144,0,0,0,255,0,0,0,0,0,0,0,3,0,0,Freeze
316,31200,0,95,135,50,252,252,0,0,144,0,8,0,255,0,40,0,0,0,5,0,40,0,0,S Virage(head)
317,31200,0,95,135,50,252,252,0,0,144,0,8,0,255,0,26,0,0,0,5,0,26,0,0,S Virage(body)
318,15600,0,105,135,50,252,252,0,0,144,0,8,0,255,0,44,0,0,0,5,0,44,0,0,S Virage(arm)
319,0,0,0,0,50,50,50,0,0,144,0,0,0,255,0,0,0,0,0,5,0,3,0,0,Crash
320,140000,0,290,255,50,180,180,0,0,144,0,8,0,255,0,50,0,0,0,5,0,50,0,0,S Virage(head)
321,42000,0,270,255,60,252,216,0,0,144,0,8,0,255,0,46,0,0,0,5,0,46,0,0,S Virage(arm)
322,210000,0,270,255,40,324,216,0,0,144,0,8,0,255,0,20,0,0,0,5,0,20,0,0,S Virage(body)
323,0,0,0,0,50,50,50,0,0,144,0,0,0,255,0,0,0,0,0,0,0,3,0,0,Freeze
324,0,0,0,0,50,50,50,0,0,144,0,0,0,255,0,0,0,0,0,0,0,3,0,0,Freeze
325,3000,0,29,25,70,110,110,0,0,144,0,64,0,255,3,13,0,0,0,2,2,8,0,0,Drake the Bandit
326,140,0,13,13,50,120,100,0,0,144,0,8,0,255,0,8,0,0,0,1,0,7,0,0,Wire
327,80,0,30,30,70,250,150,0,0,144,0,8,0,255,0,3,0,0,0,1,0,1,0,0,Bursting Ball
328,0,0,0,0,50,50,50,0,0,128,0,0,0,255,0,0,0,0,0,0,0,0,0,0,Freeze
329,3200,0,25,22,50,180,100,0,0,144,0,2,0,255,11,20,0,0,0,5,11,20,0,0,Jiango
330,0,0,0,0,50,50,50,0,0,144,0,0,0,255,0,26,6,0,0,5,0,25,0,0,???
331,0,0,0,0,50,50,50,0,0,144,0,0,0,255,38,27,254,0,0,5,51,26,0,0,???
332,700,0,12,12,50,100,80,0,0,144,0,2,0,255,3,10,0,0,0,5,5,6,0,0,Urobolus
333,1600,0,22,25,45,100,100,0,0,144,0,128,0,255,10,25,0,0,0,5,250,23,0,0,Fire Bird
334,24,0,30,30,45,120,140,0,0,144,0,128,0,255,0,10,0,0,0,1,0,3,0,0,Volcano Ball
335,16650,0,66,83,70,140,200,0,0,144,0,2,0,255,6,33,0,0,0,5,10,26,0,0,Grand Jewel
336,0,0,18,18,50,140,140,0,0,144,0,8,0,255,0,0,0,0,0,4,0,0,0,0,Virage(head)
337,0,0,18,18,50,140,140,0,0,144,0,8,0,255,0,0,0,0,0,4,0,0,0,0,Virage(body)
338,0,0,18,18,50,140,140,0,0,144,0,8,0,255,0,0,0,0,0,0,0,0,0,0,Virage(arm)
339,0,0,0,0,50,50,50,0,0,144,0,0,0,255,0,0,0,0,0,0,0,0,0,0,Kamuy's tree
340,5100,0,75,75,60,140,140,0,0,144,0,4,0,255,1,19,0,8,5,2,1,14,0,0,Ghost Commander
341,900,0,66,66,60,120,120,0,0,144,0,4,0,255,1,19,0,8,5,2,1,14,0,0,Ghost Knight
342,800,0,101,101,50,50,200,0,0,144,0,8,0,255,0,14,0,0,0,2,3,9,0,0,Mazo
343,12000,0,88,88,70,140,190,0,0,144,0,8,0,255,6,9,0,8,5,2,7,5,0,0,Kamuy
344,128000,0,285,285,50,90,240,0,20,144,0,8,0,255,0,20,0,8,5,3,0,15,0,0,Faust
345,25600,0,125,125,50,75,200,0,20,144,0,8,0,255,0,20,0,0,0,3,0,15,0,0,Faust
346,37000,0,110,110,50,140,160,0,0,144,0,1,0,255,0,33,0,0,0,5,1,28,0,0,Windigo
347,1480,0,100,100,50,140,120,0,0,144,0,1,0,255,4,4,0,0,0,5,1,1,0,0,Snow Cannon
348,4,0,68,68,50,60,60,0,0,147,0,1,0,255,250,22,0,0,0,5,0,24,0,0,Heart
349,9600,0,103,103,50,140,200,0,0,144,0,4,0,255,0,19,0,8,5,2,0,19,0,0,Polter Helm
350,16000,0,103,148,50,200,180,0,0,144,0,4,0,255,0,13,0,8,5,2,1,15,0,0,Polter Armor
351,12800,0,166,103,100,160,160,0,0,144,0,4,0,255,0,7,251,8,5,2,0,7,0,0,Polter Sword
352,88000,0,117,126,60,240,180,0,0,144,0,8,0,255,0,0,0,0,0,5,2,15,0,0,Divine Dragoon Ghost
353,72000,0,138,111,60,160,200,0,5,144,0,1,0,255,0,0,0,0,0,5,2,15,0,0,Ghost Regole
354,48000,0,139,121,60,180,160,0,0,144,0,64,0,255,0,0,0,0,0,5,2,15,0,0,GhostFB
355,0,0,0,0,50,0,0,0,0,128,0,0,0,255,0,0,0,0,0,0,0,3,0,0,Missing (Melbu Texture)
356,0,0,0,0,50,0,0,0,0,128,0,0,0,255,0,0,0,0,0,0,0,3,0,0,Missing (Tentacle Texture)
357,0,0,0,0,50,0,0,0,0,128,0,0,0,255,0,0,0,0,0,0,0,3,0,0,Lloyd & Melbu (Crash)
358,1,0,1,1,50,50,50,0,0,128,0,0,0,255,0,0,0,0,0,0,0,3,0,0,Freeze
359,1,0,1,1,50,50,50,0,0,128,0,0,0,255,0,0,0,0,0,0,0,3,0,0,Freeze
360,20000,0,134,112,50,140,140,0,0,144,0,4,0,255,3,10,0,8,5,5,7,6,0,0,Vector
361,15000,0,116,140,60,160,220,10,0,144,0,4,0,255,2,17,0,8,5,2,0,13,0,0,Selebus
362,17500,0,125,120,55,180,180,0,0,144,0,4,0,255,2,19,0,8,5,2,1,16,0,0,Kubila
363,56000,0,177,140,60,180,210,0,0,144,0,4,0,255,0,21,0,0,5,3,254,18,0,0,Zackwell
364,5000,0,88,88,50,120,80,0,0,144,0,64,0,255,3,11,0,8,5,2,1,11,0,0,Lavitzs Spirit
365,40000,0,143,125,50,180,240,0,0,144,0,1,0,255,10,20,0,0,0,5,18,25,0,0,Last Kraken
366,2720,0,110,116,60,100,200,0,0,144,0,1,0,255,0,14,0,8,5,1,1,12,0,0,Cleone
367,0,0,0,0,50,50,50,0,0,144,0,0,0,255,1,11,2,0,0,0,0,3,0,0,Auto Complete
368,30000,0,190,172,70,180,180,0,0,144,0,8,0,255,0,7,0,8,5,5,3,6,0,0,Caterpillar
369,5000,0,172,172,60,220,220,0,0,144,0,8,0,255,0,18,0,0,0,5,2,20,0,0,Pupa
370,60000,0,180,214,70,180,220,0,0,144,0,8,0,255,0,30,0,8,5,5,255,23,0,0,Imago
371,2400,0,44,44,50,80,140,0,0,144,0,8,0,255,16,17,0,0,0,5,16,17,0,0,Death Rose
372,0,0,0,0,50,50,50,0,0,144,0,0,0,255,14,20,0,0,0,5,0,3,0,0,Auto Complete
373,3200,0,76,76,55,100,100,0,0,144,0,16,0,255,0,12,0,0,0,2,0,8,0,0,Claire
374,3200,0,76,76,55,100,100,0,0,144,0,16,0,255,0,12,0,8,5,2,0,8,0,0,Claire
375,2696,0,93,93,30,160,60,0,0,144,0,2,0,255,1,16,0,0,0,2,1,12,0,0,Indora
376,1000,0,70,76,45,120,120,5,0,144,0,16,0,255,0,5,0,0,0,0,0,5,0,0,Shadow Blade
377,1000,0,70,76,45,120,120,5,0,144,0,16,0,255,0,5,0,0,0,0,7,5,0,0,Light Sword
378,9600,0,109,109,55,120,160,0,0,156,0,4,0,255,34,21,0,0,0,5,34,21,0,0,Michael
379,0,0,0,0,50,50,50,0,0,144,0,0,0,255,0,0,0,0,0,5,0,3,0,0,Michael (arm)
380,1280,0,109,109,50,100,100,0,0,144,0,4,0,255,249,20,0,0,0,5,249,20,0,0,Michael (core)
381,1500,0,60,70,50,120,120,0,0,144,0,16,0,255,0,16,0,8,5,2,1,12,0,0,Dark Doel
382,3000,0,53,76,50,80,160,5,5,144,0,32,0,255,0,18,0,8,5,2,0,14,0,0,Archangel
383,88000,0,117,126,60,240,180,0,0,144,0,8,0,255,2,20,0,8,5,2,0,18,0,0,Dragon Spirit
384,72000,0,138,111,60,160,200,0,0,144,0,1,0,255,2,20,0,8,5,2,0,18,0,0,Dragon Spirit
385,48000,0,139,121,60,180,160,0,0,144,0,64,0,255,2,20,0,8,5,2,0,18,0,0,Dragon Spirit
386,0,0,0,0,50,50,50,0,0,128,0,0,0,255,0,0,0,0,0,2,0,3,0,0,Missing Shana
387,162000,0,362,320,70,240,280,0,0,144,0,128,0,255,0,17,0,8,5,2,1,12,0,0,Zieg Feld
388,315000,0,287,260,50,204,264,0,0,144,0,8,0,255,255,47,0,0,0,5,255,47,0,0,Melbu Frahma (1st)
389,8000,0,287,260,50,260,280,0,0,144,0,8,0,255,0,0,0,0,0,5,0,0,0,0,Tentacle
390,16000,0,287,260,50,180,175,0,0,144,0,0,0,255,0,0,0,0,0,4,0,0,0,0,Melbu Frahma (2nd)
391,16000,0,287,260,50,180,175,0,0,144,0,0,0,255,0,0,0,0,0,5,0,0,0,0,Melbu Frahma (3rd)
392,16000,0,287,260,50,180,175,0,0,144,0,0,0,255,0,0,0,0,0,5,0,0,0,0,Melbu Frahma (Bomb Star)
393,16000,0,287,260,50,180,175,0,0,144,0,0,0,255,0,0,0,0,0,5,0,0,0,0,Melbu Frahma (4th)
394,1600,0,107,80,50,250,250,0,0,144,0,0,0,255,0,0,0,0,0,5,0,0,0,0,Monster
395,1600,0,107,80,50,250,250,0,0,144,0,0,0,255,0,0,0,0,0,5,0,0,0,0,Tentacle
396,1600,0,107,80,50,250,250,0,0,144,0,0,0,255,0,0,0,0,0,5,0,0,0,0,Bomb Star (Melbu Frahma 1st)
397,1600,0,107,80,50,250,250,0,0,144,0,0,0,255,0,0,0,0,0,5,0,0,0,0,Monster
398,1600,0,107,80,50,250,250,0,0,144,0,0,0,255,0,0,0,0,0,5,0,0,0,0,Tentacle
399,0,0,0,0,50,50,50,0,0,144,0,0,0,255,0,0,0,0,0,5,0,0,0,0,Crash
