ID,HP,MP,AT,MAT,SPD,DF,MDF,A-AV,M-AV,SPECIAL,UK1,Element,Element Null,Status Resist,Target Arrow X,Target Arrow Y,Target Arrow Z,UK2,UK3,UK4,UK5,UK6,UK7,UK8,Name
0,48,0,7,7,70,40,40,0,0,0,0,4,0,99,5,12,0,8,5,2,5,6,0,0,Mantis
1,371,0,29,29,60,60,60,0,0,0,0,64,0,99,253,7,0,9,9,2,1,4,0,0,Scissorhands
2,1275,0,37,74,85,30,80,0,0,128,0,32,0,255,0,16,0,0,0,1,1,10,0,0,Spinninghead
3,850,0,100,50,50,80,30,0,0,16,0,2,0,99,0,16,0,0,0,3,11,7,0,0,Sandworm
4,64,0,11,11,70,50,50,0,0,0,0,128,0,99,1,12,0,8,8,1,0,7,0,0,Sea Dragon
5,1245,0,70,70,70,40,40,0,0,0,0,4,0,99,0,9,0,8,4,2,1,6,0,0,Land Skater
6,1356,0,62,62,70,40,40,0,0,16,0,4,0,99,3,15,0,8,5,3,2,9,0,0,Beastie Dragon
7,2826,0,64,128,85,30,80,0,0,16,0,32,0,99,3,12,0,0,0,2,8,7,0,0,Manticore
8,10,0,2,2,50,50,50,0,0,0,0,128,0,99,1,9,0,8,6,1,1,6,0,0,Goblin
9,1076,0,106,53,50,80,30,0,0,16,0,2,0,107,0,17,0,8,3,3,3,12,0,0,Minotaur
10,1732,0,81,81,60,60,60,0,0,144,0,64,0,255,0,17,0,8,3,2,1,10,0,0,Hyper Skeleton
11,1347,0,83,83,70,40,40,0,0,144,0,4,0,99,255,16,0,8,3,3,0,8,0,0,Basilisk
12,455,0,62,31,50,80,30,0,0,16,0,2,0,99,2,19,0,0,0,3,5,12,0,0,Flabby Troll
13,44,0,5,5,60,60,60,0,0,0,0,64,0,99,255,7,0,0,0,3,2,5,0,0,Evil Spider
14,240,0,43,21,50,80,30,0,0,0,0,2,0,99,0,18,0,8,4,2,0,9,0,0,Spider Urchin
15,153,0,15,15,70,50,50,0,0,0,0,128,0,99,0,16,0,8,4,2,2,10,0,0,Strong Man
16,424,0,29,29,60,60,60,0,0,0,0,64,0,99,0,20,0,16,10,3,0,15,0,0,Dragonfly
17,210,0,24,24,70,50,50,0,0,0,0,128,0,99,0,8,0,8,5,0,4,4,0,0,Hell Hound
18,609,0,42,42,70,40,40,0,0,128,0,4,0,127,1,22,0,8,5,3,2,16,0,0,Death
19,108,0,19,9,50,80,30,0,0,0,0,2,0,99,0,14,0,12,5,2,0,9,0,0,Lizard Man
20,663,0,91,45,50,80,30,0,0,0,0,2,0,99,250,15,0,8,5,3,251,9,0,0,White Ape
21,10,0,2,3,50,40,40,0,0,0,0,4,0,99,1,11,0,10,5,1,2,7,0,0,Assassin Cock
22,100,0,12,12,70,40,40,0,0,0,0,4,0,107,255,14,0,8,3,2,255,10,0,0,Merman
23,520,0,38,53,100,40,60,0,5,0,0,1,0,99,0,7,0,10,10,1,1,5,0,0,Glare
24,7,0,2,3,60,40,60,0,5,0,0,1,0,107,4,6,0,8,5,0,5,4,0,0,Berserk Mouse
25,1293,0,75,75,70,50,50,0,0,0,0,128,0,99,3,14,2,8,5,2,2,9,0,0,Dragon Soldier
26,240,0,43,21,50,80,30,0,0,16,0,2,0,99,2,15,0,8,3,3,10,9,0,0,Earth Shaker
27,40,0,5,5,100,40,60,0,5,0,0,1,0,99,255,7,0,8,5,0,0,5,0,0,Vampire Kiwi
28,60,0,9,13,100,40,60,0,5,0,0,1,0,227,0,8,0,8,3,1,0,6,0,0,Myconido
29,480,0,34,34,70,40,40,0,0,16,0,4,0,99,3,18,0,0,0,3,4,11,0,0,Roc
30,636,0,74,37,50,80,30,0,0,0,0,2,2,255,0,12,0,9,5,1,255,6,0,0,Gnome
31,1323,0,61,61,60,60,60,0,0,0,0,64,0,255,0,16,0,16,8,2,10,2,0,0,Bowling
32,1245,0,54,77,100,40,60,0,5,16,0,1,1,255,1,21,0,8,7,2,1,14,0,0,Freeze Knight
33,54,0,13,9,85,60,40,5,0,0,0,16,128,255,254,18,0,10,4,2,255,14,0,0,Fire Spirit
34,3296,0,103,103,70,40,40,0,0,128,0,4,0,255,0,22,0,8,4,2,1,14,0,0,Mad Skull
35,111,0,17,12,85,60,40,5,0,0,0,16,0,99,0,16,0,8,4,1,6,10,0,0,Run Fast
36,729,0,61,86,100,40,60,0,5,0,0,1,0,227,0,19,0,0,0,1,5,15,0,0,Canbria Dayfly
37,904,0,53,53,100,120,120,0,0,0,0,64,0,99,4,28,0,0,0,3,0,22,0,0,Wyvern
38,12,0,2,4,40,60,60,0,0,0,0,64,0,99,0,10,0,8,6,3,1,7,0,0,Trent
39,693,0,96,48,50,80,30,0,0,0,0,2,0,255,1,15,0,22,5,1,2,9,0,0,Spring Hitter
40,987,0,97,69,85,60,40,5,0,0,0,16,0,255,0,28,0,8,10,3,2,22,0,0,Guillotine
41,1291,0,68,68,70,50,50,0,0,0,0,128,0,255,1,17,0,8,2,2,0,12,0,0,Terminator
42,4,0,1,1,150,50,50,70,70,131,0,8,0,255,0,14,0,8,8,1,0,11,0,0,OOPARTS
43,638,0,45,64,100,40,60,0,5,0,0,1,0,99,0,14,0,8,4,1,255,11,0,0,Fairy
44,639,0,64,45,85,60,40,5,0,0,0,16,0,99,0,11,0,8,5,1,0,7,0,0,Puck
45,44,0,5,5,60,60,60,0,0,16,0,64,0,99,0,14,0,8,5,1,1,10,0,0,Mole
46,32,0,5,7,100,40,60,0,5,0,0,1,0,99,0,17,0,17,5,0,0,13,0,0,Screaming Bat
47,1392,0,76,76,70,40,40,0,0,0,0,4,0,99,0,15,0,8,10,2,0,11,0,0,Succubus
48,1664,0,89,44,50,80,30,0,0,144,0,2,0,99,10,30,0,0,0,4,11,14,0,0,Mammoth
49,718,0,91,64,85,60,40,5,0,0,0,16,0,99,3,10,0,8,10,1,6,6,0,0,MetalFang
50,1105,0,56,79,100,40,60,5,10,0,0,1,0,99,0,5,0,8,4,2,6,4,0,0,Windy Weasel
51,1192,0,70,35,50,80,30,0,0,16,0,2,0,107,2,20,0,8,4,3,5,15,0,0,Wounded Bear
52,320,0,31,31,70,40,40,0,0,0,0,4,0,99,0,7,0,8,4,0,0,3,0,0,Erupting Chick
53,596,0,43,61,100,40,60,0,5,0,0,1,0,99,2,7,0,8,5,1,1,6,0,0,Flying Rat
54,4,0,1,1,200,50,50,0,0,140,0,8,0,251,0,15,0,8,5,1,0,11,0,0,Rainbow Bird
55,112,0,21,10,50,80,30,0,0,0,0,2,0,255,1,16,0,8,2,2,1,11,0,0,Living Statue
56,1076,0,106,53,50,80,30,0,0,0,0,2,0,99,2,9,0,11,5,2,1,6,0,0,Madman
57,1029,0,79,56,85,60,40,5,0,0,0,16,0,99,255,20,0,8,5,3,0,13,0,0,Wildman
58,160,0,16,16,70,40,40,0,0,0,0,4,0,99,4,8,0,8,5,2,5,7,0,0,Gargoyle
59,36,0,6,6,70,50,50,5,0,0,0,128,0,99,0,17,0,8,5,1,0,13,0,0,Crescent Bee
60,1078,0,64,91,100,40,60,0,5,0,0,1,0,99,0,17,0,12,5,2,0,13,0,0,Jelly
61,486,0,100,50,50,80,30,0,0,0,0,2,0,99,0,12,0,8,4,1,3,7,0,0,Spiky Beetle
62,2118,0,101,101,70,40,40,0,0,0,0,4,0,99,1,12,0,10,5,2,1,5,0,0,Slug
63,1537,0,48,96,85,30,80,0,0,0,0,32,0,99,2,12,0,21,0,2,1,8,0,0,Witch
64,40,0,6,6,70,40,40,0,0,0,0,128,0,99,0,18,0,8,2,1,3,13,0,0,Ugly Balloon
65,1540,0,83,58,85,60,40,5,0,0,0,16,16,255,2,16,0,8,5,2,3,12,0,0,Maximum Volt
66,294,0,14,14,100,60,60,0,0,144,0,64,0,255,0,26,0,18,5,3,4,15,0,0,Crystal Golem
67,1152,0,59,59,60,60,60,0,0,16,0,64,0,99,7,16,0,9,5,2,10,5,0,0,Rocky Turtle
68,70,0,15,7,50,80,30,0,0,0,0,2,0,99,2,5,0,8,5,2,4,4,0,0,Crocodile
69,640,0,26,37,100,40,60,0,5,0,0,1,0,99,1,14,0,8,4,2,0,9,0,0,Frilled Lizard
70,810,0,36,36,60,60,60,0,0,0,0,64,0,99,255,16,0,9,5,2,0,10,0,0,Magician Bogy
71,3296,0,131,65,100,80,30,0,0,16,0,2,0,99,4,17,0,0,0,4,11,8,0,0,Triceratops
72,1432,0,71,71,100,120,120,0,0,16,0,64,0,99,2,9,0,0,0,2,5,6,0,0,Stern Fish
73,594,0,61,43,85,60,40,5,5,0,0,16,0,99,1,14,0,8,2,1,1,9,0,0,Forest Runner
74,64,0,10,10,70,50,50,0,0,0,0,128,0,99,0,8,0,21,1,1,1,6,0,0,Magma Fish
75,1617,0,83,83,70,40,40,0,0,16,0,4,0,99,4,11,0,0,0,2,7,7,0,0,Scud Shark
76,234,0,41,41,60,200,200,0,0,0,0,64,0,99,0,8,0,8,5,1,0,5,0,0,Screw Shell
77,942,0,111,78,85,60,40,5,0,0,0,16,0,99,0,7,0,8,4,1,0,5,0,0,Potbelly
78,1622,0,96,96,70,40,40,0,0,0,0,4,0,255,1,21,0,9,10,2,1,16,0,0,Loner Knight
79,567,0,40,40,70,40,40,0,0,0,0,4,0,111,2,14,0,8,2,2,1,11,0,0,Berserker
80,1779,0,69,97,100,40,60,0,5,0,0,1,0,99,0,18,0,8,5,2,1,14,0,0,Professor
81,2306,0,93,131,70,50,50,0,0,128,0,8,0,255,255,11,0,8,10,2,1,7,0,0,Psyche Druid
82,380,0,50,25,50,80,30,0,0,0,0,2,0,99,4,13,253,8,5,2,2,10,0,0,Gangster
83,378,0,34,31,85,60,40,5,0,0,0,16,0,99,0,7,255,8,5,2,0,6,0,0,Crafty Thief
84,972,0,121,60,50,80,30,0,0,0,0,2,0,127,0,14,0,11,5,1,0,11,0,0,Undead
85,202,0,38,38,70,50,50,0,0,0,0,128,0,99,2,13,1,8,5,2,1,8,0,0,Skeleton
86,121,0,32,32,70,50,50,0,0,0,0,128,0,99,0,18,0,13,3,1,0,14,0,0,Will-o'-Wisp
87,3,0,1,1,200,50,50,0,0,134,0,8,0,255,1,8,0,11,2,1,1,6,0,0,Cursed Jar
88,385,0,15,15,100,40,40,0,0,16,0,4,0,99,253,16,0,0,0,3,254,12,0,0,Man Eating Bud
89,972,0,71,71,70,50,50,0,0,0,0,128,0,99,0,13,0,11,5,2,1,8,0,0,Cactus
90,165,0,12,17,100,40,60,0,5,0,0,1,0,99,0,13,0,8,6,2,1,9,0,0,Mandrake
91,780,0,49,49,70,40,40,0,0,0,0,4,0,99,2,13,0,8,5,2,1,10,0,0,Mermaid
92,80,0,11,11,70,50,50,0,0,0,0,128,0,99,3,4,0,8,4,2,7,3,0,0,Salamander
93,3296,0,103,103,70,40,40,0,0,0,0,4,0,99,6,20,0,10,2,2,5,14,0,0,Unicorn
94,39,0,7,7,70,50,50,0,0,0,0,4,0,99,0,9,0,8,5,1,1,8,0,0,Orc
95,894,0,55,55,70,40,40,0,0,0,0,4,0,99,0,8,0,9,3,2,1,8,0,0,Dark Elf
96,678,0,68,48,85,60,40,5,0,0,0,16,0,99,0,8,0,8,5,1,0,5,0,0,Baby Dragon
97,1186,0,89,89,70,40,40,0,0,0,0,4,0,99,3,27,0,8,4,2,0,15,0,0,Harpy
98,2118,0,78,111,100,40,60,0,5,0,0,1,0,99,1,7,0,8,2,1,1,4,0,0,Cute Cat
99,192,0,31,31,70,50,50,0,0,0,0,128,0,99,0,14,0,14,10,2,1,11,0,0,Arrow Shooter
100,81,0,10,10,60,60,60,0,0,0,0,64,0,99,2,9,0,11,5,2,1,6,0,0,Red Hot
101,778,0,86,86,70,50,50,0,0,0,0,128,0,99,254,18,0,10,4,2,255,14,0,0,Specter
102,1056,0,26,26,100,40,40,0,0,128,0,4,0,255,3,11,0,0,0,2,2,8,0,0,Sandora Elite
103,220,0,29,20,85,60,40,5,0,0,0,16,0,99,2,12,0,0,0,2,1,9,0,0,Knight of Sandora
104,24,0,8,4,50,80,30,0,0,0,0,2,0,99,2,9,0,11,5,2,1,6,0,0,Slime
105,132,0,19,19,70,50,50,0,0,0,0,128,0,99,1,11,0,10,5,1,2,7,0,0,Fowl Fighter
106,640,0,26,37,100,40,60,0,5,0,0,1,0,99,255,7,0,8,5,0,0,5,0,0,Killer Bird
107,128,0,12,18,100,40,60,0,5,0,0,1,0,227,4,6,0,8,5,0,5,4,0,0,Plague Rat
108,320,0,34,34,70,40,40,0,0,0,0,4,0,227,0,17,0,8,5,1,0,13,0,0,Stinger
109,187,0,36,36,70,50,50,0,0,0,0,128,0,99,0,9,0,8,5,1,1,8,0,0,Piggy
110,694,0,31,62,85,30,80,0,0,0,0,32,0,99,0,8,0,11,1,1,1,6,0,0,Sea Piranha
111,510,0,53,53,70,50,50,0,0,0,0,128,0,227,0,8,0,8,3,1,0,6,0,0,Toad Stool
112,678,0,48,68,100,40,60,0,5,0,0,1,0,99,1,12,0,8,5,1,0,7,0,0,Mega Sea Dragon
113,813,0,56,56,70,50,50,0,0,0,0,128,0,227,255,7,0,0,0,3,2,5,0,0,Deadly Spider
114,554,0,77,54,85,60,40,5,0,0,0,16,0,99,0,18,0,8,4,2,0,9,0,0,Icicle Ball
115,88,0,14,14,70,50,50,0,0,0,0,128,0,99,0,17,0,17,5,0,0,13,0,0,Tricky Bat
116,1326,0,72,72,70,40,40,0,0,0,0,4,0,99,2,13,1,8,5,2,1,11,0,0,Mr.Bone
117,952,0,50,50,70,50,50,0,0,0,0,128,0,99,0,10,0,8,2,3,1,7,0,0,Moss Dresser
118,889,0,89,89,70,40,40,0,0,128,0,4,0,127,1,22,0,8,5,3,2,16,0,0,Death Purger
119,972,0,67,67,60,60,60,0,0,0,0,64,0,99,253,7,0,9,4,2,1,4,0,0,Scorpion
120,1236,0,131,65,50,80,30,0,0,16,0,2,0,99,253,16,0,0,0,3,254,12,0,0,Trap Plant
121,1077,0,75,75,70,50,50,0,0,0,0,128,0,99,255,14,0,8,3,2,255,10,0,0,Aqua King
122,987,0,76,76,60,60,60,0,0,16,0,64,0,99,3,18,0,0,0,3,4,11,0,0,Sky Chaser
123,1372,0,113,80,85,60,40,5,0,0,0,16,0,99,4,28,0,0,0,3,0,22,0,0,Air Combat
124,4,0,1,1,200,50,50,0,0,137,0,8,0,255,1,8,0,11,2,1,1,6,0,0,Treasure Jar
125,1298,0,74,105,100,40,60,0,5,0,0,1,0,255,1,17,0,8,2,2,0,12,0,0,Human Hunter
126,2260,0,91,91,70,50,50,0,0,0,0,128,0,99,250,15,0,8,5,3,251,9,0,0,Mountain Ape
127,3294,0,65,131,85,30,80,0,0,128,0,32,0,255,0,16,0,0,0,1,1,10,0,0,Roulette Face
128,1318,0,93,93,70,50,50,0,0,0,0,128,0,99,0,8,0,8,5,1,0,5,0,0,Swift Dragon
129,124,0,16,23,100,40,60,0,5,0,0,1,0,99,0,11,0,6,5,2,255,9,0,0,Hellena Warden
130,78,0,11,11,70,50,50,0,0,0,0,128,0,99,2,12,0,6,5,2,1,9,0,0,Sandora Soldier
131,96,0,11,11,70,50,50,0,0,0,0,128,0,99,2,12,0,6,5,2,1,9,0,0,Sandora Soldier
132,120,0,9,13,100,40,60,0,5,0,0,1,0,99,2,12,0,6,5,2,1,9,0,0,Sandora Soldier
133,249,0,21,21,70,40,40,0,0,0,0,4,0,99,2,13,1,6,5,2,1,9,0,0,Senior Warden
134,18,0,4,4,55,50,50,0,0,0,0,128,0,99,0,11,0,6,5,2,255,9,0,0,Hellena Warden
135,240,0,12,12,70,40,40,0,0,128,0,4,0,99,0,14,0,6,5,2,0,11,0,0,Commander
136,4,0,1,1,150,50,50,70,0,134,0,8,0,255,0,15,0,8,5,1,0,11,0,0,Blue Bird
137,4,0,1,1,150,50,50,0,70,137,0,8,0,255,0,15,0,8,5,1,0,11,0,0,Red Bird
138,4,0,1,1,150,50,50,70,20,131,0,8,0,255,0,15,0,8,5,1,0,11,0,0,Yellow Bird
139,4,0,1,1,200,50,50,0,0,140,0,8,0,127,1,8,0,11,2,1,1,6,0,0,Lucky Jar
140,1,0,1,1,70,50,50,0,0,0,0,0,0,99,0,0,0,0,0,2,0,0,0,0,??? (Terminator ?)
141,1,0,1,1,50,50,50,0,0,0,0,0,0,99,0,0,0,0,0,2,0,0,0,0,???
142,1,0,1,1,50,50,50,0,0,0,0,0,0,99,0,0,0,0,0,2,0,0,0,0,???
143,1,0,1,1,50,50,50,0,0,0,0,0,0,99,0,0,0,0,0,2,0,0,0,0,Madman
144,1076,0,106,53,50,80,30,0,0,0,0,2,0,255,2,9,0,11,5,2,1,6,0,0,Madman
145,1076,0,106,53,50,80,30,0,0,0,0,2,0,255,2,9,0,11,5,2,1,6,0,0,Madman
146,81,0,10,10,60,60,60,0,0,0,0,64,0,255,2,9,0,11,5,2,1,6,0,0,Red Hot	
147,81,0,10,10,60,60,60,0,0,0,0,64,0,255,2,9,0,11,5,2,1,6,0,0,Red Hot
148,24,0,8,4,50,80,30,0,0,0,0,2,0,255,2,9,0,11,5,2,1,6,0,0,Madman
149,24,0,8,4,50,80,30,0,0,0,0,2,0,255,2,9,0,11,5,2,1,6,0,0,Madman
150,54,0,13,9,85,60,40,5,0,0,0,16,0,255,254,18,0,10,4,2,255,14,0,0,Fire Spirit
151,54,0,13,9,85,60,40,5,0,0,0,16,0,255,254,18,0,10,4,2,255,14,0,0,Fire Spirit
152,778,0,86,86,70,50,50,0,0,0,0,128,0,255,254,18,0,10,4,2,255,14,0,0,Specter
153,778,0,86,86,70,50,50,0,0,0,0,128,0,255,254,18,0,10,4,2,255,14,0,0,Specter
154,121,0,32,32,70,50,50,0,0,0,0,128,0,255,0,18,0,13,3,1,0,14,0,0,Will-o'-Wisp
155,121,0,32,32,70,50,50,0,0,0,0,128,0,255,0,18,0,13,3,1,0,14,0,0,Will-o'-Wisp
156,1,0,1,1,70,50,50,0,0,0,0,0,0,255,0,18,0,13,3,1,0,14,0,0,Will-o'-Wisp (No name)
157,64,0,10,10,70,50,50,0,0,0,0,128,0,99,0,8,0,21,1,1,1,6,0,0,Magma Fish
158,64,0,10,10,70,50,50,0,0,0,0,128,0,99,0,8,0,21,1,1,1,6,0,0,Magma Fish
159,1,0,1,1,70,50,50,0,0,0,0,0,0,99,0,8,0,21,1,1,1,6,0,0,Magma Fish (No name)
160,80,0,11,11,70,50,50,0,0,0,0,128,0,99,3,4,0,8,4,2,7,3,0,0,Salamander (No name)
161,80,0,11,11,70,50,50,0,0,0,0,128,0,99,3,4,0,8,4,2,7,3,0,0,Salamander (No name)
162,1,0,1,1,70,50,50,0,0,0,0,0,0,99,0,0,0,0,0,2,0,0,0,0,Crash
163,1,0,1,1,70,50,50,0,0,0,0,0,0,99,0,0,0,0,0,2,0,0,0,0,Crash
164,1,0,1,1,70,50,50,0,0,0,0,0,0,99,0,0,0,0,0,2,0,0,0,0,N/A
165,1,0,1,1,70,50,50,0,0,0,0,0,0,99,0,0,0,0,0,2,0,0,0,0,N/A
166,1,0,1,1,70,50,50,0,0,0,0,0,0,99,0,0,0,0,0,2,0,0,0,0,N/A
167,1,0,1,1,70,50,50,0,0,0,0,0,0,99,0,0,0,0,0,2,0,0,0,0,N/A
168,1,0,1,1,70,50,50,0,0,0,0,0,0,99,0,0,0,0,0,2,0,0,0,0,N/A
169,1,0,1,1,70,50,50,0,0,0,0,0,0,99,0,0,0,0,0,2,0,0,0,0,N/A
170,1,0,1,1,70,50,50,0,0,0,0,0,0,99,0,0,0,0,0,2,0,0,0,0,N/A
171,1,0,1,1,70,50,50,0,0,0,0,0,0,99,0,0,0,0,0,2,0,0,0,0,N/A
172,1,0,1,1,70,50,50,0,0,0,0,0,0,99,0,0,0,0,0,2,0,0,0,0,N/A
173,1,0,1,1,70,50,50,0,0,0,0,0,0,99,0,0,0,0,0,2,0,0,0,0,N/A
174,1,0,1,1,70,50,50,0,0,0,0,0,0,99,0,0,0,0,0,2,0,0,0,0,N/A
175,1,0,1,1,70,50,50,0,0,0,0,0,0,99,0,0,0,0,0,2,0,0,0,0,N/A
176,1,0,1,1,70,50,50,0,0,0,0,0,0,99,0,0,0,0,0,2,0,0,0,0,N/A
177,1,0,1,1,70,50,50,0,0,0,0,0,0,99,0,0,0,0,0,2,0,0,0,0,N/A
178,1,0,1,1,70,50,50,0,0,0,0,0,0,99,0,0,0,0,0,2,0,0,0,0,N/A
179,1,0,1,1,70,50,50,0,0,0,0,0,0,99,0,0,0,0,0,2,0,0,0,0,N/A
180,1,0,1,1,70,50,50,0,0,0,0,0,0,99,0,0,0,0,0,2,0,0,0,0,N/A
181,1,0,1,1,70,50,50,0,0,0,0,0,0,99,0,0,0,0,0,2,0,0,0,0,N/A
182,1,0,1,1,70,50,50,0,0,0,0,0,0,99,0,0,0,0,0,2,0,0,0,0,N/A
183,1,0,1,1,70,50,50,0,0,0,0,0,0,99,0,0,0,0,0,2,0,0,0,0,N/A
184,1,0,1,1,70,50,50,0,0,0,0,0,0,99,0,0,0,0,0,2,0,0,0,0,N/A
185,1,0,1,1,70,50,50,0,0,0,0,0,0,99,0,0,0,0,0,2,0,0,0,0,N/A
186,1,0,1,1,70,50,50,0,0,0,0,0,0,99,0,0,0,0,0,2,0,0,0,0,N/A
187,1,0,1,1,70,50,50,0,0,0,0,0,0,99,0,0,0,0,0,2,0,0,0,0,N/A
188,1,0,1,1,70,50,50,0,0,0,0,0,0,99,0,0,0,0,0,2,0,0,0,0,N/A
189,1,0,1,1,70,50,50,0,0,0,0,0,0,99,0,0,0,0,0,2,0,0,0,0,N/A
190,1,0,1,1,70,50,50,0,0,0,0,0,0,99,0,0,0,0,0,2,0,0,0,0,N/A
191,1,0,1,1,70,50,50,0,0,0,0,0,0,99,0,0,0,0,0,2,0,0,0,0,N/A
192,1,0,1,1,70,50,50,0,0,0,0,0,0,99,0,0,0,0,0,2,0,0,0,0,N/A
193,1,0,1,1,70,50,50,0,0,0,0,0,0,99,0,0,0,0,0,2,0,0,0,0,N/A
194,1,0,1,1,70,50,50,0,0,0,0,0,0,99,0,0,0,0,0,2,0,0,0,0,N/A
195,1,0,1,1,70,50,50,0,0,0,0,0,0,99,0,0,0,0,0,2,0,0,0,0,N/A
196,1,0,1,1,70,50,50,0,0,0,0,0,0,99,0,0,0,0,0,2,0,0,0,0,N/A
197,1,0,1,1,70,50,50,0,0,0,0,0,0,99,0,0,0,0,0,2,0,0,0,0,N/A
198,1,0,1,1,70,50,50,0,0,0,0,0,0,99,0,0,0,0,0,2,0,0,0,0,N/A
199,1,0,1,1,70,50,50,0,0,0,0,0,0,99,0,0,0,0,0,2,0,0,0,0,N/A
200,1,0,1,1,70,50,50,0,0,0,0,0,0,99,0,0,0,0,0,2,0,0,0,0,N/A
201,1,0,1,1,70,50,50,0,0,0,0,0,0,99,0,0,0,0,0,2,0,0,0,0,N/A
202,1,0,1,1,70,50,50,0,0,0,0,0,0,99,0,0,0,0,0,2,0,0,0,0,N/A
203,1,0,1,1,70,50,50,0,0,0,0,0,0,99,0,0,0,0,0,2,0,0,0,0,N/A
204,1,0,1,1,70,50,50,0,0,0,0,0,0,99,0,0,0,0,0,2,0,0,0,0,N/A
205,1,0,1,1,70,50,50,0,0,0,0,0,0,99,0,0,0,0,0,2,0,0,0,0,N/A
206,1,0,1,1,70,50,50,0,0,0,0,0,0,99,0,0,0,0,0,2,0,0,0,0,N/A
207,1,0,1,1,70,50,50,0,0,0,0,0,0,99,0,0,0,0,0,2,0,0,0,0,N/A
208,1,0,1,1,70,50,50,0,0,0,0,0,0,99,0,0,0,0,0,2,0,0,0,0,N/A
209,1,0,1,1,70,50,50,0,0,0,0,0,0,99,0,0,0,0,0,2,0,0,0,0,N/A
210,1,0,1,1,70,50,50,0,0,0,0,0,0,99,0,0,0,0,0,2,0,0,0,0,N/A
211,1,0,1,1,70,50,50,0,0,0,0,0,0,99,0,0,0,0,0,2,0,0,0,0,N/A
212,1,0,1,1,70,50,50,0,0,0,0,0,0,99,0,0,0,0,0,2,0,0,0,0,N/A
213,1,0,1,1,70,50,50,0,0,0,0,0,0,99,0,0,0,0,0,2,0,0,0,0,N/A
214,1,0,1,1,70,50,50,0,0,0,0,0,0,99,0,0,0,0,0,2,0,0,0,0,N/A
215,1,0,1,1,70,50,50,0,0,0,0,0,0,99,0,0,0,0,0,2,0,0,0,0,N/A
216,1,0,1,1,70,50,50,0,0,0,0,0,0,99,0,0,0,0,0,2,0,0,0,0,N/A
217,1,0,1,1,70,50,50,0,0,0,0,0,0,99,0,0,0,0,0,2,0,0,0,0,N/A
218,1,0,1,1,70,50,50,0,0,0,0,0,0,99,0,0,0,0,0,2,0,0,0,0,N/A
219,1,0,1,1,70,50,50,0,0,0,0,0,0,99,0,0,0,0,0,2,0,0,0,0,N/A
220,1,0,1,1,70,50,50,0,0,0,0,0,0,99,0,0,0,0,0,2,0,0,0,0,N/A
221,1,0,1,1,70,50,50,0,0,0,0,0,0,99,0,0,0,0,0,2,0,0,0,0,N/A
222,1,0,1,1,70,50,50,0,0,0,0,0,0,99,0,0,0,0,0,2,0,0,0,0,N/A
223,1,0,1,1,70,50,50,0,0,0,0,0,0,99,0,0,0,0,0,2,0,0,0,0,N/A
224,1,0,1,1,70,50,50,0,0,0,0,0,0,99,0,0,0,0,0,2,0,0,0,0,N/A
225,1,0,1,1,70,50,50,0,0,0,0,0,0,99,0,0,0,0,0,2,0,0,0,0,N/A
226,1,0,1,1,70,50,50,0,0,0,0,0,0,99,0,0,0,0,0,2,0,0,0,0,N/A
227,1,0,1,1,70,50,50,0,0,0,0,0,0,99,0,0,0,0,0,2,0,0,0,0,N/A
228,1,0,1,1,70,50,50,0,0,0,0,0,0,99,0,0,0,0,0,2,0,0,0,0,N/A
229,1,0,1,1,70,50,50,0,0,0,0,0,0,99,0,0,0,0,0,2,0,0,0,0,N/A
230,1,0,1,1,70,50,50,0,0,0,0,0,0,99,0,0,0,0,0,2,0,0,0,0,N/A
231,1,0,1,1,70,50,50,0,0,0,0,0,0,99,0,0,0,0,0,2,0,0,0,0,N/A
232,1,0,1,1,70,50,50,0,0,0,0,0,0,99,0,0,0,0,0,2,0,0,0,0,N/A
233,1,0,1,1,70,50,50,0,0,0,0,0,0,99,0,0,0,0,0,2,0,0,0,0,N/A
234,1,0,1,1,70,50,50,0,0,0,0,0,0,99,0,0,0,0,0,2,0,0,0,0,N/A
235,1,0,1,1,70,50,50,0,0,0,0,0,0,99,0,0,0,0,0,2,0,0,0,0,N/A
236,1,0,1,1,70,50,50,0,0,0,0,0,0,99,0,0,0,0,0,2,0,0,0,0,N/A
237,1,0,1,1,70,50,50,0,0,0,0,0,0,99,0,0,0,0,0,2,0,0,0,0,N/A
238,1,0,1,1,70,50,50,0,0,0,0,0,0,99,0,0,0,0,0,2,0,0,0,0,Crash
239,1,0,1,1,70,50,50,0,0,0,0,0,0,99,0,0,0,0,0,2,0,0,0,0,Crash
240,1,0,1,1,70,50,50,0,0,0,0,0,0,99,0,0,0,0,0,2,0,0,0,0,Crash
241,1,0,1,1,70,50,50,0,0,0,0,0,0,99,0,0,0,0,0,2,0,0,0,0,Crash
242,1,0,1,1,70,50,50,0,0,0,0,0,0,99,0,0,0,0,0,2,0,0,0,0,Crash
243,1,0,1,1,70,50,50,0,0,0,0,0,0,99,0,0,0,0,0,2,0,0,0,0,Crash
244,1,0,1,1,70,50,50,0,0,0,0,0,0,99,0,0,0,0,0,2,0,0,0,0,Crash
245,1,0,1,1,70,50,50,0,0,0,0,0,0,99,0,0,0,0,0,2,0,0,0,0,Crash
246,1,0,1,1,70,50,50,0,0,0,0,0,0,99,0,0,0,0,0,2,0,0,0,0,Crash
247,1,0,1,1,70,50,50,0,0,0,0,0,0,99,0,0,0,0,0,2,0,0,0,0,Crash
248,1,0,1,1,70,50,50,0,0,0,0,0,0,99,0,0,0,0,0,2,0,0,0,0,Crash
249,1,0,1,1,70,50,50,0,0,0,0,0,0,99,0,0,0,0,0,2,0,0,0,0,Crash
250,1,0,1,1,70,50,50,0,0,0,0,0,0,99,0,0,0,0,0,2,0,0,0,0,Crash
251,1,0,1,1,70,50,50,0,0,0,0,0,0,99,0,0,0,0,0,2,0,0,0,0,Crash
252,1,0,1,1,70,50,50,0,0,0,0,0,0,99,0,0,0,0,0,2,0,0,0,0,Crash
253,3,0,2,3,50,40,40,0,0,192,0,1,0,255,0,11,0,0,0,2,5,8,0,0,Merchant
254,3,0,1,1,50,40,50,0,0,192,0,0,0,255,0,11,0,0,0,2,5,8,0,0,Master Tasman
255,3,0,10,10,70,40,40,0,0,192,0,4,0,255,0,15,0,0,0,2,5,12,0,0,Rose
256,14,0,2,4,40,40,40,0,0,128,0,4,0,227,0,14,0,0,0,2,4,9,0,0,Commander
257,4,0,2,2,40,40,50,0,0,0,0,128,0,127,2,12,0,0,0,2,5,8,0,0,Knight of Sandora
258,340,0,12,12,80,80,100,0,0,128,0,4,0,255,3,11,0,6,5,2,6,7,0,0,Sandora Elite
259,27,0,4,4,55,50,50,0,0,0,0,4,0,99,0,11,0,6,5,2,6,8,0,0,Hellena Warden
260,45,0,6,11,50,50,50,0,0,128,0,128,0,103,2,13,1,6,5,2,6,9,0,0,Senior Warden
261,125,0,6,4,50,100,80,0,0,144,0,8,0,231,255,19,0,6,5,3,4,12,0,0,Fruegel
262,1440,0,24,22,45,100,80,0,0,144,0,8,0,231,255,19,0,6,5,3,4,12,0,0,Fruegel
263,920,0,24,24,55,80,80,0,0,16,0,4,0,99,0,17,0,6,5,1,7,13,0,0,Rodriguez
264,930,0,20,20,45,120,120,0,0,16,0,64,0,99,254,11,0,6,5,1,7,9,0,0,Guftas
265,260,0,12,12,60,100,60,0,0,144,0,2,0,255,0,17,0,0,0,3,4,11,0,0,Kongol
266,3120,0,26,24,50,100,60,0,0,144,0,2,0,255,1,19,0,0,0,3,6,12,0,0,Kongol
267,1920,0,26,24,55,120,100,0,0,128,0,16,0,255,3,14,0,6,5,3,7,9,0,0,Emperor Doel
268,2880,0,29,26,55,120,100,0,0,128,0,16,0,255,3,20,0,0,0,3,8,12,0,0,Dragoon Doel
269,1005,0,19,19,50,50,50,0,0,128,0,8,0,255,0,16,0,0,0,2,3,12,0,0,Lloyd
270,17700,0,65,79,65,100,120,0,0,144,0,8,0,255,0,18,0,0,0,2,4,15,0,0,Lloyd
271,1,0,1,1,50,80,50,0,0,128,0,8,0,255,0,11,0,0,0,1,0,0,0,0,Missing
272,1,0,1,1,50,50,80,0,0,128,0,8,0,255,0,11,0,0,0,1,0,0,0,0,Missing
273,340,0,12,12,80,80,100,0,0,128,0,4,0,255,3,11,0,6,5,2,6,7,0,0,Sandora Elite
274,424,0,34,31,55,60,40,5,0,128,0,16,0,247,0,7,255,6,5,2,3,7,0,0,Crafty Thief
275,540,0,19,14,50,120,120,0,0,144,0,64,0,255,19,46,0,0,0,5,27,42,0,0,Feyrbrand
276,120,0,14,14,50,60,60,0,0,144,0,64,0,255,4,17,0,0,0,5,12,16,0,0,???
277,1,0,1,1,50,50,50,0,0,144,0,0,0,255,0,0,0,0,0,0,0,0,0,0,Dummy Lloyd
278,1,0,1,1,50,50,50,0,0,144,0,0,0,255,0,0,0,0,0,0,0,0,0,0,Crash
279,7000,0,48,48,45,80,120,0,0,144,0,8,0,255,170,65,8,0,0,5,196,32,0,0,Regole
280,1,0,1,1,50,50,50,0,0,144,0,8,0,255,0,50,236,0,0,5,0,49,0,0,Tentacle
281,1,0,1,1,50,50,50,0,0,144,0,0,0,255,0,0,0,0,0,0,0,0,0,0,Crash
282,1,0,1,1,50,50,50,0,0,144,0,0,0,255,0,0,0,0,0,0,0,0,0,0,Crash
283,5460,0,58,64,50,160,100,0,0,144,0,8,0,255,166,69,6,0,0,5,166,66,0,0,Divine Dragon
284,3640,0,58,64,50,160,100,0,0,144,0,8,0,255,0,55,14,0,0,5,31,52,0,0,Divine Cannon
285,3640,0,58,64,50,160,100,0,0,144,0,8,0,255,0,39,34,0,0,5,0,36,0,0,Divine Ball
286,1,0,1,1,50,50,50,0,0,144,0,0,0,255,0,0,0,0,0,0,0,0,0,0,Crash
287,630,0,14,14,50,120,120,0,0,144,0,64,0,255,0,15,0,0,0,2,4,9,0,0,Greham
288,720,0,17,17,50,80,120,0,0,144,0,32,0,255,1,23,0,0,0,2,3,16,0,0,Shirley
289,360,0,17,17,55,40,60,0,0,144,0,32,0,255,0,12,0,0,0,2,5,8,0,0,Shana
290,235,0,17,17,45,60,60,0,0,144,0,64,0,255,0,12,0,0,0,2,5,8,0,0,Albert
291,1,0,1,1,50,50,50,0,0,128,0,0,0,255,0,0,0,0,0,0,0,0,0,0,Crash
292,1,0,1,1,50,50,50,0,0,128,0,0,0,255,0,0,0,0,0,0,0,0,0,0,Crash
293,12160,0,32,46,55,80,120,0,5,128,0,1,0,231,0,15,0,6,5,2,3,9,0,0,Lenus
294,6720,0,41,48,55,100,120,0,5,128,0,1,0,255,0,16,0,0,0,2,3,11,0,0,Lenus
295,23100,0,62,80,70,80,120,0,5,128,0,1,0,255,0,15,0,6,5,2,3,9,0,0,Damia
296,14400,0,70,65,45,120,120,0,0,128,0,64,0,255,1,15,1,6,5,2,5,9,0,0,Syuveil
297,11400,0,100,45,35,160,60,0,0,128,0,2,0,255,0,19,0,6,5,2,5,12,0,0,Belzac
298,15400,0,88,57,65,120,80,5,0,128,0,16,0,255,0,15,0,6,5,2,4,9,0,0,Kanzas
299,1024,0,37,26,65,100,60,5,0,128,0,16,0,247,255,7,0,6,5,2,3,4,0,0,Mappi
300,1830,0,37,26,65,100,60,5,0,128,0,16,0,247,255,7,0,6,5,2,3,4,0,0,Mappi
301,4500,0,40,40,50,100,80,0,0,128,0,8,0,247,0,17,0,6,5,3,4,11,0,0,Gehrich
302,335,0,13,13,50,50,40,0,0,128,0,16,0,255,2,13,0,6,5,2,5,7,0,0,Gorgaga
303,402,0,16,16,50,50,50,0,0,128,0,128,0,255,2,15,0,6,5,2,6,10,0,0,Serfius
304,385,0,20,10,45,60,40,0,0,144,0,2,0,255,0,19,0,6,5,3,7,13,0,0,Danton
305,415,0,18,18,55,40,40,0,0,128,0,4,0,255,0,16,0,6,5,2,6,10,0,0,Atlow
306,1,0,1,1,50,50,50,0,0,128,0,0,0,255,0,0,0,0,0,0,0,3,0,0,Freeze
307,1,0,1,1,50,50,50,0,0,128,0,0,0,255,0,0,0,0,0,0,0,3,0,0,Crash
308,400,0,11,20,50,100,100,0,0,144,0,8,0,255,25,39,0,0,0,5,37,38,0,0,Virage(head)
309,320,0,11,11,50,100,100,0,0,144,0,8,0,255,10,14,232,0,0,5,37,11,0,0,Virage(body)
310,64,0,15,11,50,100,100,0,0,144,0,8,0,255,251,0,243,0,0,5,29,0,0,0,Virage(arm)
311,2070,0,34,48,40,100,100,0,0,144,0,8,0,255,28,60,0,0,0,5,28,57,0,0,Virage(head)
312,207,0,34,34,40,100,100,0,0,144,0,8,0,255,10,0,8,0,0,5,236,0,0,0,Virage(arm)
313,2070,0,41,34,40,100,100,0,0,144,0,8,0,255,0,41,240,0,0,5,16,38,0,0,Virage(body)
314,1,0,1,1,50,50,50,0,0,144,0,0,0,255,0,0,0,0,0,0,0,3,0,0,Freeze
315,1,0,1,1,50,50,50,0,0,144,0,0,0,255,0,0,0,0,0,0,0,3,0,0,Freeze
316,6350,0,53,74,50,100,100,0,0,144,0,8,0,255,0,41,10,0,0,5,18,30,0,0,S Virage(head)
317,6350,0,53,53,50,100,100,0,0,144,0,8,0,255,240,12,234,0,0,5,22,9,0,0,S Virage(body)
318,381,0,64,53,50,100,100,0,0,144,0,8,0,255,14,36,0,0,0,5,0,33,0,0,S Virage(arm)
319,1,0,1,1,50,50,50,0,0,144,0,0,0,255,0,0,0,0,0,5,0,3,0,0,Crash
320,35600,0,103,145,50,100,100,0,0,144,0,8,0,255,6,45,0,0,0,5,15,33,0,0,S Virage(head)
321,35600,0,103,103,50,100,100,0,0,144,0,8,0,255,0,0,0,0,0,5,0,0,0,0,S Virage(arm)
322,1780,0,126,103,50,100,100,0,0,144,0,8,0,255,0,0,0,0,0,5,0,0,0,0,S Virage(body)
323,1,0,1,1,50,50,50,0,0,144,0,0,0,255,0,0,0,0,0,0,0,3,0,0,Freeze
324,1,0,1,1,50,50,50,0,0,144,0,0,0,255,0,0,0,0,0,0,0,3,0,0,Freeze
325,2560,0,16,16,65,80,80,0,0,144,0,4,0,231,3,13,0,0,0,2,5,8,0,0,Drake the Bandit
326,204,0,15,15,50,50,40,0,0,144,0,8,0,255,0,8,0,0,0,1,0,7,0,0,Wire
327,102,0,34,34,45,50,50,0,0,16,0,8,0,255,0,3,0,0,0,1,2,7,0,0,Bursting Ball
328,1,0,1,1,50,50,50,0,0,128,0,0,0,255,0,0,0,0,0,0,0,0,0,0,Freeze
329,1050,0,21,21,50,160,100,0,0,144,0,8,0,239,11,20,0,0,0,3,17,16,0,0,Jiango
330,10,0,21,21,50,50,50,0,0,144,0,8,0,255,0,26,6,0,0,3,0,25,0,0,???
331,10,0,21,21,50,50,50,0,0,144,0,8,0,255,38,27,254,0,0,3,51,26,0,0,???
332,400,0,11,10,50,80,70,0,0,144,0,2,0,255,3,10,0,0,0,3,3,10,0,0,Urobolus
333,1045,0,16,20,45,100,100,0,0,144,0,128,0,247,10,25,0,0,0,5,10,24,0,0,Fire Bird
334,19,0,14,14,45,50,50,0,0,16,0,128,0,255,0,10,0,0,0,1,2,3,0,0,Volcano Ball
335,12700,0,53,53,50,100,100,0,0,144,0,8,0,255,6,33,0,0,0,4,13,27,0,0,Grand Jewel
336,5650,0,91,91,50,50,50,0,0,144,0,0,0,255,0,0,0,0,0,4,0,0,0,0,Virage(head)
337,2825,0,91,91,50,50,50,0,0,144,0,0,0,255,0,0,0,0,0,4,0,0,0,0,Virage(body)
338,1130,0,91,91,50,50,50,0,0,144,0,0,0,255,0,0,0,0,0,0,0,0,0,0,Virage(arm)
339,1,0,1,1,50,50,50,0,0,144,0,0,0,255,0,0,0,0,0,0,0,0,0,0,Kamuy's tree
340,7040,0,48,48,55,100,100,0,0,144,0,8,0,255,1,19,0,6,5,2,3,13,0,0,Ghost Commander
341,330,0,40,40,50,80,80,0,0,144,0,8,0,255,1,19,0,6,5,2,3,13,0,0,Ghost Knight
342,1293,0,91,91,50,50,50,0,0,144,0,8,0,255,0,14,0,0,0,2,3,9,0,0,Mazo
343,9680,0,55,50,65,100,80,0,0,144,0,8,0,239,6,9,0,6,5,2,11,5,0,0,Kamuy
344,53800,0,75,106,45,80,160,0,5,144,0,1,0,255,0,20,0,6,5,3,3,12,0,0,Faust
345,53800,0,75,106,45,80,160,0,5,144,0,1,0,255,0,20,0,0,0,3,3,12,0,0,Faust
346,16600,0,70,70,50,100,80,0,0,144,0,4,0,255,0,33,0,0,0,5,5,27,0,0,Windigo
347,830,0,77,77,55,80,100,0,0,144,0,8,0,255,4,4,0,0,0,5,10,3,0,0,Snow Cannon
348,3864,0,63,63,50,60,60,0,0,144,0,8,0,255,250,22,0,0,0,5,4,20,0,0,Heart
349,8928,0,96,96,50,100,100,0,0,144,0,8,0,255,0,19,0,6,5,2,4,13,0,0,Polter Helm
350,7424,0,96,96,50,160,80,0,0,144,0,8,0,255,0,13,0,6,5,2,252,13,0,0,Polter Armor
351,7440,0,96,96,100,120,100,0,0,144,0,8,0,247,6,8,251,6,5,2,252,13,0,0,Polter Sword
352,25350,0,107,124,50,160,100,0,0,144,0,8,0,255,0,0,0,0,0,5,0,3,0,0,Divine Dragoon Ghost
353,40680,0,88,107,45,80,120,0,5,144,0,1,0,255,0,0,0,0,0,5,0,3,0,0,Ghost Regole
354,22600,0,88,88,50,120,120,0,0,144,0,64,0,255,0,0,0,0,0,5,0,3,0,0,GhostFB
355,1,0,1,1,50,50,50,0,0,128,0,0,0,255,0,0,0,0,0,0,0,3,0,0,Missing (Melbu Texture)
356,1,0,1,1,50,50,50,0,0,128,0,0,0,255,0,0,0,0,0,0,0,3,0,0,Missing (Tentacle Texture)
357,1,0,1,1,50,50,50,0,0,128,0,0,0,255,0,0,0,0,0,0,0,3,0,0,Lloyd & Melbu (Crash)
358,1,0,1,1,50,50,50,0,0,128,0,0,0,255,0,0,0,0,0,0,0,3,0,0,Freeze
359,1,0,1,1,50,50,50,0,0,128,0,0,0,255,0,0,0,0,0,0,0,3,0,0,Freeze
360,37200,0,101,71,45,40,40,0,0,144,0,8,0,247,3,10,0,6,5,2,0,3,0,0,Vector
361,9920,0,71,101,45,50,40,0,0,144,0,8,0,239,2,17,0,6,5,2,0,3,0,0,Selebus
362,16520,0,83,83,50,60,50,0,0,144,0,8,0,255,2,19,0,6,5,2,0,3,0,0,Kubila
363,13550,0,88,107,50,100,120,0,0,144,0,8,0,247,0,21,0,6,5,3,0,3,0,0,Zackwell
364,6780,0,98,88,50,120,80,0,0,144,0,8,0,255,3,11,0,6,5,2,0,3,0,0,Lavitzs Spirit
365,33840,0,87,87,45,80,100,0,0,144,0,4,0,255,10,20,0,0,0,5,28,20,0,0,Last Kraken
366,3765,0,78,78,50,30,80,0,0,16,0,8,0,255,0,14,0,6,5,1,0,3,0,0,Cleone
367,5000,0,78,92,50,50,60,0,0,144,0,8,0,255,1,11,2,0,0,0,0,3,0,0,Auto Complete
368,22140,0,93,93,50,80,120,0,0,144,0,8,0,255,0,7,0,6,5,5,0,3,0,0,Caterpillar
369,7360,0,66,66,50,160,160,0,0,144,0,8,0,255,0,18,0,0,0,5,0,3,0,0,Pupa
370,29400,0,113,113,50,100,100,0,0,144,0,8,0,255,0,30,0,6,5,5,0,3,0,0,Imago
371,17100,0,69,69,50,100,100,0,0,144,0,8,0,255,7,6,0,0,0,5,0,3,0,0,Death Rose
372,5000,0,70,70,50,50,50,0,0,144,0,8,0,255,14,20,0,0,0,5,0,3,0,0,Auto Complete
373,8550,0,121,85,55,100,80,0,0,144,0,8,0,255,0,12,0,0,0,2,0,3,0,0,Claire
374,8550,0,121,85,55,100,80,0,0,144,0,8,0,255,0,12,0,6,5,2,0,3,0,0,Claire
375,10700,0,139,69,45,160,60,0,0,144,0,2,0,255,1,16,0,0,0,2,0,3,0,0,Indora
376,4275,0,121,85,55,120,80,5,0,144,0,16,0,255,0,0,0,0,0,0,0,5,0,0,Shadow Blade
377,4275,0,121,85,55,120,80,5,0,144,0,16,0,255,0,0,0,0,0,0,7,5,0,0,Light Sword
378,1,0,110,110,55,120,160,0,0,156,0,4,0,255,34,24,0,0,0,5,0,3,0,0,Michael
379,0,0,0,0,55,60,80,0,0,144,0,4,0,255,0,0,0,0,0,5,0,3,0,0,Michael (arm)
380,3426,0,110,110,50,60,60,0,0,144,0,4,0,255,0,0,0,0,0,5,0,3,0,0,Michael (core)
381,8550,0,121,85,50,120,100,0,0,144,0,4,0,255,0,16,0,6,5,2,1,12,0,0,Dark Doel
382,12840,0,85,121,50,80,160,0,0,144,0,32,0,255,0,18,0,6,5,2,0,14,0,0,Archangel
383,1690,0,83,83,50,160,100,0,0,144,0,8,0,255,0,0,0,6,5,2,0,3,0,0,Dragon Spirit
384,3390,0,83,83,45,80,120,0,0,144,0,8,0,255,0,0,0,6,5,2,0,3,0,0,Dragon Spirit
385,2710,0,83,83,50,100,80,0,0,144,0,8,0,255,0,0,0,6,5,2,0,3,0,0,Dragon Spirit
386,1,0,1,1,50,50,50,0,0,128,0,0,0,255,0,0,0,0,0,2,0,3,0,0,Missing Shana
387,36800,0,107,107,70,100,100,0,0,144,0,128,0,255,0,0,0,6,5,2,1,12,0,0,Zieg Feld
388,64260,0,112,112,50,250,250,0,0,144,0,8,0,255,176,85,0,0,0,5,183,71,0,0,Melbu Frahma (1st)
389,612,0,112,112,50,250,250,0,0,144,0,8,0,255,90,0,0,0,0,5,90,3,0,0,Tentacle
390,64260,0,112,112,50,250,250,0,0,144,0,0,0,255,0,0,0,0,0,4,80,236,0,0,Melbu Frahma (2nd)
391,64260,0,112,112,50,250,250,0,0,144,0,0,0,255,0,0,0,0,0,5,0,3,0,0,Melbu Frahma (3rd)
392,64260,0,112,112,50,250,250,0,0,144,0,0,0,255,0,0,0,0,0,5,0,3,0,0,Melbu Frahma (Bomb Star)
393,64260,0,112,112,50,250,250,0,0,144,0,0,0,255,0,0,0,0,0,5,0,3,0,0,Melbu Frahma (4th)
394,64260,0,112,112,50,250,250,0,0,144,0,0,0,255,0,0,0,0,0,5,0,3,0,0,Monster
395,64260,0,112,112,50,250,250,0,0,144,0,0,0,255,0,0,0,0,0,5,0,3,0,0,Tentacle
396,64260,0,112,112,50,250,250,0,0,144,0,0,0,255,0,0,0,0,0,5,0,3,0,0,Bomb Star (Melbu Frahma 1st)
397,64260,0,112,112,50,250,250,0,0,144,0,0,0,255,0,0,0,0,0,5,0,3,0,0,Monster
398,64260,0,112,112,50,250,250,0,0,144,0,0,0,255,0,0,0,0,0,5,0,3,0,0,Tentacle
399,1,0,1,1,50,50,50,0,0,144,0,0,0,255,0,0,0,0,0,5,0,3,0,0,Crash