targetType,flags,specialEffect,damage,multi,accuracy,mp,statusChance,element,statusType,buffType,_0b,index,battleStage,Registry ID,Name,Description,Item Deff
192,0,0,32,0,100,0,0,128,0,0,0,0,,flameshot,Flameshot,Fire STR 200%% Single,
200,0,0,0,0,100,0,0,128,0,0,0,1,,explosion,Explosion,Fire STR 100%% All,
192,0,0,16,0,100,0,0,128,0,0,0,2,,final_burst,Final Burst,Fire STR 400%% Single,
200,0,0,16,0,100,0,0,128,0,0,0,3,,red_eyed_dragon,Red-Eyed Dragon,Fire STR 200%% All,
192,0,0,2,0,100,0,0,8,0,0,0,4,,divine_dg_cannon,Divine DG Cannon,STR 600%% Single,
200,0,0,0,0,100,0,0,64,0,0,0,5,,wing_blaster,Wing Blaster,Wind STR 100%% All,
192,0,0,16,0,100,0,0,64,0,0,0,6,,gaspless,Gaspless,Wind STR 400%% Single,
136,4,16,0,0,100,0,0,64,0,192,0,7,,blossom_storm,Blossom Storm,Damage Resist 50%% Dur 3,
200,0,0,16,0,100,0,0,64,0,0,0,8,,jade_dragon,Jade Dragon,Wind STR 200%% All,
200,0,0,8,0,100,0,0,8,0,0,0,9,,divine_dg_ball,Divine DG Ball,STR 200%% All,
200,0,0,0,0,100,0,0,32,0,0,0,10,,star_children,Star Children,Light STR 100%% All,
128,4,2,0,100,100,0,0,32,0,0,0,11,,moon_light,Moon Light,Ally Single 100%% Rev & Rec,
136,4,2,0,50,100,0,0,32,0,0,0,12,,gates_of_heaven,Gates of Heaven,Ally All 100%% Recover,
200,2,0,16,0,100,0,0,32,0,0,0,13,,white_silver_dragon,W Silver Dragon,Light STR 200%% All HP,
200,0,0,0,0,100,0,0,64,0,0,0,14,,albert_wing_blaster,Wing Blaster,Wind STR 100%% All,
192,2,0,32,0,100,0,0,4,0,0,0,15,,astral_drain,Astral Drain,Dark STR 200%% Single & HP,
200,0,32,0,0,100,0,100,4,8,0,0,16,,death_dimension,Death Dimension,Dark STR 100%% All & Fear,
192,0,0,16,0,100,0,0,64,0,0,0,17,,albert_gaspless,Gaspless,Wind STR 400%% Single,
200,128,0,0,0,100,0,100,4,0,0,0,18,,demons_gate,Demon's Gate,Lethal attack for all,
192,0,0,8,0,100,0,0,4,0,0,0,19,,dark_dragon,Dark Dragon,Dark STR 600%% Single,
192,0,0,0,0,100,0,0,16,0,0,0,20,,atomic_mind,Atomic Mind,Thunder STR 200%% Single,
192,0,32,32,0,100,0,100,16,16,0,0,21,,thunder_kid,Thunder Kid,Thunder STR 300%% Single,
192,0,0,16,0,100,0,0,16,0,0,0,22,,thunder_god,Thunder God,Thunder STR 400%% Single,
192,0,0,8,0,100,0,0,16,0,0,0,23,,violet_dragon,Violet Dragon,Thunder STR 600%% Single,
192,0,0,32,0,100,0,0,1,0,0,0,24,,freezing_ring,Freezing Ring,Water STR 200%% Single,
136,4,2,0,50,100,0,0,1,0,0,0,25,,rainbow_breath,Rainbow Breath,HP Recv & Cure - All,
136,4,16,0,0,100,0,0,64,0,192,0,26,,rose_storm,Rose Storm,Damage Resist 50%% Dur 3,
200,0,0,32,0,100,0,0,1,0,0,0,27,,diamond_dust,Diamond Dust,Water STR 150%% All,
192,0,0,8,0,100,0,0,1,0,0,0,28,,blue_sea_dragon,Blue Sea Dragon,Water STR 600%% Single,
200,0,0,64,0,100,0,0,2,0,0,0,29,,grand_stream,Grand Stream,Earth STR 100%% All,
200,0,0,32,0,100,0,0,2,0,0,0,30,,meteor_strike,Meteor Strike,Earth STR 150%% All,
200,0,0,16,0,100,0,0,2,0,0,0,31,,golden_dragon,Golden Dragon,Earth STR 200%% All,
200,0,0,0,0,100,40,0,32,0,0,0,65,,miranda_star_children,Star Children,Light STR 100%% All,
128,4,0,0,100,100,10,0,32,0,0,0,66,,miranda_moon_light,Moon Light,Ally Single 100%% Rev & Rec,
136,4,2,0,50,100,80,0,32,0,0,0,67,,miranda_gates_of_heaven,Gates of Heaven,Ally All 100%% Recover,
64,0,0,128,0,100,0,0,0,0,0,0,32,,spell32,spell32,,
64,0,0,0,0,100,0,0,0,0,0,0,33,,spell33,spell33,,
64,0,0,64,0,100,0,0,0,0,0,0,34,,spell34,spell34,,
64,0,0,32,0,100,0,0,0,0,0,0,35,,spell35,spell35,,
64,0,0,16,0,100,0,0,0,0,0,0,36,,spell36,spell36,,
64,0,0,8,0,100,0,0,0,0,0,0,37,,spell37,spell37,,
72,0,0,128,0,100,0,0,0,0,0,0,38,,spell38,spell38,,
72,0,0,0,0,100,0,0,0,0,0,0,39,,spell39,spell39,,
72,0,0,64,0,100,0,0,0,0,0,0,40,,spell40,spell40,,
72,0,0,32,0,100,0,0,0,0,0,0,41,,spell41,spell41,,
72,0,0,16,0,100,0,0,0,0,0,0,42,,spell42,spell42,,
72,0,0,8,0,100,0,0,0,0,0,0,43,,spell43,spell43,,
192,0,0,128,0,100,0,0,0,0,0,0,44,,spell44,spell44,,
192,0,0,0,0,100,0,0,0,0,0,0,45,,spell45,spell45,,
192,0,0,64,0,100,0,0,0,0,0,0,46,,spell46,spell46,,
192,0,0,32,0,100,0,0,0,0,0,0,47,,spell47,spell47,,
192,0,0,16,0,100,0,0,0,0,0,0,48,,spell48,spell48,,
192,0,0,8,0,100,0,0,0,0,0,0,49,,spell49,spell49,,
200,0,0,128,0,100,0,0,0,0,0,0,50,,spell50,spell50,,
200,0,0,0,0,100,0,0,0,0,0,0,51,,spell51,spell51,,
200,0,0,64,0,100,0,0,0,0,0,0,52,,spell52,spell52,,
200,0,0,32,0,100,0,0,0,0,0,0,53,,spell53,spell53,,
200,0,0,16,0,100,0,0,0,0,0,0,54,,spell54,spell54,,
200,0,0,8,0,100,0,0,0,0,0,0,55,,spell55,spell55,,
0,0,16,0,0,100,0,0,0,0,32,0,56,,spell56,spell56,,
64,0,16,0,0,100,0,0,0,0,2,0,57,,spell57,spell57,,
0,0,16,0,0,100,0,0,0,0,128,0,58,,spell58,spell58,,
64,0,16,0,0,100,0,0,0,0,8,0,59,,spell59,spell59,,
0,0,16,0,0,100,0,0,0,0,16,0,60,,spell60,spell60,,
64,0,16,0,0,100,0,0,0,0,1,0,61,,spell61,spell61,,
0,0,16,0,0,100,0,0,0,0,64,0,62,,spell62,spell62,,
64,0,16,0,0,100,0,0,0,0,4,0,63,,spell63,spell63,,
0,64,16,0,0,100,0,0,0,0,0,0,64,,spell64,spell64,,
0,32,16,0,0,100,0,0,0,0,0,0,65,,spell65,spell65,,
0,96,16,0,0,100,0,0,0,0,0,0,66,,spell66,spell66,,
192,2,0,0,0,100,0,0,0,0,0,0,67,,spell67,spell67,,
192,1,0,0,0,100,0,0,0,0,0,0,68,,spell68,spell68,,
192,0,0,0,0,100,0,0,128,0,0,0,69,,spell69,spell69,,
192,0,0,0,0,100,0,0,1,0,0,0,70,,spell70,spell70,,
192,0,0,0,0,100,0,0,64,0,0,0,71,,spell71,spell71,,
192,0,0,0,0,100,0,0,2,0,0,0,72,,spell72,spell72,,
192,0,0,0,0,100,0,0,32,0,0,0,73,,spell73,spell73,,
192,0,0,0,0,100,0,0,4,0,0,0,74,,spell74,spell74,,
192,0,0,0,0,100,0,0,16,0,0,0,75,,spell75,spell75,,
200,0,0,0,0,100,0,0,128,0,0,0,76,,spell76,spell76,,
200,0,0,0,0,100,0,0,1,0,0,0,77,,spell77,spell77,,
200,0,0,0,0,100,0,0,64,0,0,0,78,,spell78,spell78,,
200,0,0,0,0,100,0,0,2,0,0,0,79,,spell79,spell79,,
200,0,0,0,0,100,0,0,32,0,0,0,80,,spell80,spell80,,
200,0,0,0,0,100,0,0,4,0,0,0,81,,spell81,spell81,,
200,0,0,0,0,100,0,0,16,0,0,0,82,,spell82,spell82,,
64,0,32,0,0,100,0,100,0,1,0,0,83,,spell83,spell83,,
64,0,32,0,0,100,0,100,0,2,0,0,84,,spell84,spell84,,
64,0,32,0,0,100,0,100,0,4,0,0,85,,spell85,spell85,,
64,0,32,0,0,100,0,100,0,8,0,0,86,,spell86,spell86,,
64,0,32,0,0,100,0,100,0,16,0,0,87,,spell87,spell87,,
64,0,32,0,0,100,0,100,0,32,0,0,88,,spell88,spell88,,
64,0,32,0,0,100,0,100,0,64,0,0,89,,spell89,spell89,,
64,0,32,0,0,100,0,100,0,128,0,0,90,,spell90,spell90,,
64,128,0,0,0,100,0,100,0,0,0,0,91,,spell91,spell91,,
192,0,32,0,0,100,0,100,0,1,0,0,92,,spell92,spell92,,
192,0,32,0,0,100,0,100,0,2,0,0,93,,spell93,spell93,,
192,0,32,0,0,100,0,100,0,4,0,0,94,,spell94,spell94,,
192,0,32,0,0,100,0,100,0,8,0,0,95,,spell95,spell95,,
192,0,32,0,0,100,0,100,0,16,0,0,96,,spell96,spell96,,
192,0,32,0,0,100,0,100,0,32,0,0,97,,spell97,spell97,,
192,0,32,0,0,100,0,100,0,64,0,0,98,,spell98,spell98,,
192,0,32,0,0,100,0,100,0,128,0,0,99,,spell99,spell99,,
192,128,0,0,0,100,0,100,0,0,0,0,100,,spell100,spell100,,
0,0,16,0,0,100,0,0,0,0,255,0,101,,spell101,spell101,,
200,0,0,2,0,100,0,0,0,0,0,0,102,,spell102,spell102,,
200,0,0,2,0,100,0,0,128,0,0,0,103,,spell103,spell103,,
200,0,0,2,0,100,0,0,16,0,0,0,104,,spell104,spell104,,
200,0,0,2,0,100,0,0,1,0,0,0,105,,spell105,spell105,,
200,0,0,2,0,100,0,0,64,0,0,0,106,,spell106,spell106,,
192,0,0,16,0,100,0,0,4,0,0,0,107,,spell107,spell107,,
0,0,16,0,0,100,0,0,0,0,192,0,108,,spell108,spell108,,
0,0,16,0,0,100,0,0,0,0,48,0,109,,spell109,spell109,,
192,0,0,2,0,100,0,0,0,0,0,0,110,,spell110,spell110,,
200,0,0,8,0,100,0,0,128,0,0,0,111,,spell111,spell111,,
200,0,0,8,0,100,0,0,64,0,0,0,112,,spell112,spell112,,
200,0,0,8,0,100,0,0,1,0,0,0,113,,spell113,spell113,,
192,0,0,1,0,100,0,0,16,0,0,0,114,,spell114,spell114,,
64,0,0,2,0,100,0,0,0,0,0,0,115,,spell115,spell115,,
64,0,0,1,0,100,0,0,0,0,0,0,116,,spell116,spell116,,
200,0,0,128,0,100,0,0,128,0,0,0,117,,spell117,spell117,,
200,0,0,64,0,100,0,0,16,0,0,0,118,,spell118,spell118,,
192,0,0,16,0,100,0,0,32,0,0,0,119,,spell119,spell119,,
200,0,0,32,0,100,0,0,32,0,0,0,120,,spell120,spell120,,
200,0,0,8,0,100,0,0,1,0,0,0,121,,spell121,spell121,,
200,0,0,64,0,100,0,0,1,0,0,0,122,,spell122,spell122,,
200,0,0,32,0,100,0,0,4,0,0,0,123,,spell123,spell123,,
200,0,0,16,0,100,0,0,4,0,0,0,124,,spell124,spell124,,
192,0,0,32,0,100,0,0,1,0,0,0,125,,spell125,spell125,,
136,4,0,0,100,100,100,0,0,0,0,0,126,,spell126,spell126,,
0,0,0,0,0,0,0,0,0,0,0,0,127,,spell127,spell127,,
