Slot1,Slot2,Slot3,Slot4,Slot5,Slot6,Slot7,Slot8,Slot9,Slot10,Slot11,Slot12,Slot13,Slot14,Slot15,Slot16,Slot16,Slot17,Slot18,Slot19,Slot20,Slot21,Slot22,Slot23,Slot24,Slot25,Slot26,Slot27,Slot28,Slot29,Slot30,Slot31,Slot32,Name
dragoon_modifier:bastard_sword,dragoon_modifier:sparkle_arrow,dragoon_modifier:scale_armor,dragoon_modifier:leather_jacket,dragoon_modifier:sallet,dragoon_modifier:poison_guard,dragoon_modifier:panic_guard,dragoon_modifier:stun_guard,dragoon_modifier:bravery_amulet,dragoon_modifier:knight_shield,Nothing,Nothing,Nothing,Nothing,Nothing,Nothing,Nothing,Nothing,Nothing,Nothing,Nothing,Nothing,Nothing,Nothing,Nothing,Nothing,Nothing,Nothing,Nothing,Nothing,Nothing,Nothing,Nothing,Bale Weapon
dragoon_modifier:healing_potion,dragoon_modifier:angel's_prayer,dragoon_modifier:mind_purifier,dragoon_modifier:body_purifier,dragoon_modifier:spear_frost,dragoon_modifier:meteor_fall,dragoon_modifier:charm_potion,Nothing,Nothing,Nothing,Nothing,Nothing,Nothing,Nothing,Nothing,Nothing,Nothing,Nothing,Nothing,Nothing,Nothing,Nothing,Nothing,Nothing,Nothing,Nothing,Nothing,Nothing,Nothing,Nothing,Nothing,Nothing,Nothing,Bale Item
dragoon_modifier:lance,dragoon_modifier:cape,dragoon_modifier:dragon_helm,dragoon_modifier:active_ring,dragoon_modifier:protector,dragoon_modifier:panic_guard,dragoon_modifier:power_wrist,dragoon_modifier:wargod_calling,dragoon_modifier:bandit's_shoes,dragoon_modifier:bandit's_ring,dragoon_modifier:dancer's_ring,dragoon_modifier:ultimate_wargod,dragoon_modifier:angel_scarf,dragoon_modifier:dragon_shield,Nothing,Nothing,Nothing,Nothing,Nothing,Nothing,Nothing,Nothing,Nothing,Nothing,Nothing,Nothing,Nothing,Nothing,Nothing,Nothing,Nothing,Nothing,Nothing,Lohan Weapon
dragoon_modifier:healing_potion,dragoon_modifier:sun_rhapsody,dragoon_modifier:angel's_prayer,dragoon_modifier:mind_purifier,dragoon_modifier:body_purifier,dragoon_modifier:spinning_gale,dragoon_modifier:gushing_magma,dragoon_modifier:charm_potion,Nothing,Nothing,Nothing,Nothing,Nothing,Nothing,Nothing,Nothing,Nothing,Nothing,Nothing,Nothing,Nothing,Nothing,Nothing,Nothing,Nothing,Nothing,Nothing,Nothing,Nothing,Nothing,Nothing,Nothing,Nothing,Lohan Item
dragoon_modifier:heat_blade,dragoon_modifier:long_bow,dragoon_modifier:armlet,dragoon_modifier:iron_kneepiece,Nothing,Nothing,Nothing,Nothing,Nothing,Nothing,Nothing,Nothing,Nothing,Nothing,Nothing,Nothing,Nothing,Nothing,Nothing,Nothing,Nothing,Nothing,Nothing,Nothing,Nothing,Nothing,Nothing,Nothing,Nothing,Nothing,Nothing,Nothing,Nothing,Kazas Weapon
dragoon_modifier:healing_potion,dragoon_modifier:sun_rhapsody,dragoon_modifier:angel's_prayer,dragoon_modifier:dark_mist,dragoon_modifier:fatal_blizzard,Nothing,Nothing,Nothing,Nothing,Nothing,Nothing,Nothing,Nothing,Nothing,Nothing,Nothing,Nothing,Nothing,Nothing,Nothing,Nothing,Nothing,Nothing,Nothing,Nothing,Nothing,Nothing,Nothing,Nothing,Nothing,Nothing,Nothing,Nothing,Kazas Item
dragoon_modifier:shadow_cutter,dragoon_modifier:chain_mail,dragoon_modifier:soft_boots,dragoon_modifier:poison_guard,dragoon_modifier:active_ring,dragoon_modifier:protector,dragoon_modifier:panic_guard,dragoon_modifier:stun_guard,dragoon_modifier:bravery_amulet,dragoon_modifier:magic_ego_bell,dragoon_modifier:power_wrist,dragoon_modifier:knight_shield,dragoon_modifier:wargod_calling,Nothing,Nothing,Nothing,Nothing,Nothing,Nothing,Nothing,Nothing,Nothing,Nothing,Nothing,Nothing,Nothing,Nothing,Nothing,Nothing,Nothing,Nothing,Nothing,Nothing,Fletz Weapon
dragoon_modifier:healing_potion,dragoon_modifier:healing_breeze,dragoon_modifier:sun_rhapsody,dragoon_modifier:angel's_prayer,dragoon_modifier:mind_purifier,dragoon_modifier:body_purifier,dragoon_modifier:trans_light,dragoon_modifier:black_rain,dragoon_modifier:charm_potion,Nothing,Nothing,Nothing,Nothing,Nothing,Nothing,Nothing,Nothing,Nothing,Nothing,Nothing,Nothing,Nothing,Nothing,Nothing,Nothing,Nothing,Nothing,Nothing,Nothing,Nothing,Nothing,Nothing,Nothing,Fletz Item
dragoon_modifier:silver_vest,dragoon_modifier:tiara,Nothing,Nothing,Nothing,Nothing,Nothing,Nothing,Nothing,Nothing,Nothing,Nothing,Nothing,Nothing,Nothing,Nothing,Nothing,Nothing,Nothing,Nothing,Nothing,Nothing,Nothing,Nothing,Nothing,Nothing,Nothing,Nothing,Nothing,Nothing,Nothing,Nothing,Nothing,Donau Weapon
dragoon_modifier:healing_potion,dragoon_modifier:sun_rhapsody,dragoon_modifier:angel's_prayer,dragoon_modifier:mind_purifier,dragoon_modifier:body_purifier,dragoon_modifier:rave_twister,Nothing,Nothing,Nothing,Nothing,Nothing,Nothing,Nothing,Nothing,Nothing,Nothing,Nothing,Nothing,Nothing,Nothing,Nothing,Nothing,Nothing,Nothing,Nothing,Nothing,Nothing,Nothing,Nothing,Nothing,Nothing,Nothing,Nothing,Donau Item
dragoon_modifier:glaive,dragoon_modifier:beast_fang,dragoon_modifier:warrior_dress,dragoon_modifier:stun_guard,dragoon_modifier:magic_ego_bell,Nothing,Nothing,Nothing,Nothing,Nothing,Nothing,Nothing,Nothing,Nothing,Nothing,Nothing,Nothing,Nothing,Nothing,Nothing,Nothing,Nothing,Nothing,Nothing,Nothing,Nothing,Nothing,Nothing,Nothing,Nothing,Nothing,Nothing,Nothing,Queen Fury Weapon
dragoon_modifier:healing_potion,dragoon_modifier:healing_breeze,dragoon_modifier:sun_rhapsody,dragoon_modifier:angel's_prayer,dragoon_modifier:mind_purifier,dragoon_modifier:body_purifier,dragoon_modifier:trans_light,dragoon_modifier:dancing_ray,Nothing,Nothing,Nothing,Nothing,Nothing,Nothing,Nothing,Nothing,Nothing,Nothing,Nothing,Nothing,Nothing,Nothing,Nothing,Nothing,Nothing,Nothing,Nothing,Nothing,Nothing,Nothing,Nothing,Nothing,Nothing,Queen Fury Item
dragoon_modifier:falchion,dragoon_modifier:bemusing_arrow,dragoon_modifier:morning_star,dragoon_modifier:plate_mail,dragoon_modifier:sparkle_dress,dragoon_modifier:knight_helm,Nothing,Nothing,Nothing,Nothing,Nothing,Nothing,Nothing,Nothing,Nothing,Nothing,Nothing,Nothing,Nothing,Nothing,Nothing,Nothing,Nothing,Nothing,Nothing,Nothing,Nothing,Nothing,Nothing,Nothing,Nothing,Nothing,Nothing,Fueno Weapon
dragoon_modifier:healing_potion,dragoon_modifier:healing_breeze,dragoon_modifier:sun_rhapsody,dragoon_modifier:angel's_prayer,dragoon_modifier:mind_purifier,dragoon_modifier:charm_potion,dragoon_modifier:burn_out,dragoon_modifier:gushing_magma,Nothing,Nothing,Nothing,Nothing,Nothing,Nothing,Nothing,Nothing,Nothing,Nothing,Nothing,Nothing,Nothing,Nothing,Nothing,Nothing,Nothing,Nothing,Nothing,Nothing,Nothing,Nothing,Nothing,Nothing,Nothing,Fueno Item
dragoon_modifier:dancing_dagger,dragoon_modifier:_,dragoon_modifier:_,dragoon_modifier:_,dragoon_modifier:_,dragoon_modifier:giganto_helm,dragoon_modifier:combat_shoes,dragoon_modifier:destone_amulet,dragoon_modifier:attack_badge,dragoon_modifier:elude_cloak,Nothing,Nothing,Nothing,Nothing,Nothing,Nothing,Nothing,Nothing,Nothing,Nothing,Nothing,Nothing,Nothing,Nothing,Nothing,Nothing,Nothing,Nothing,Nothing,Nothing,Nothing,Nothing,Nothing,Furni Weapon
dragoon_modifier:healing_fog,dragoon_modifier:sun_rhapsody,dragoon_modifier:angel's_prayer,dragoon_modifier:depetrifier,dragoon_modifier:thunderbolt,Nothing,Nothing,Nothing,Nothing,Nothing,Nothing,Nothing,Nothing,Nothing,Nothing,Nothing,Nothing,Nothing,Nothing,Nothing,Nothing,Nothing,Nothing,Nothing,Nothing,Nothing,Nothing,Nothing,Nothing,Nothing,Nothing,Nothing,Nothing,Furni Item
dragoon_modifier:tomahawk,dragoon_modifier:spear_of_terror,dragoon_modifier:diamond_claw,dragoon_modifier:breast_plate,dragoon_modifier:master's_vest,dragoon_modifier:soul_headband,dragoon_modifier:jeweled_crown,dragoon_modifier:stardust_boots,dragoon_modifier:protector,dragoon_modifier:bravery_amulet,dragoon_modifier:destone_amulet,dragoon_modifier:_,dragoon_modifier:_,Nothing,Nothing,Nothing,Nothing,Nothing,Nothing,Nothing,Nothing,Nothing,Nothing,Nothing,Nothing,Nothing,Nothing,Nothing,Nothing,Nothing,Nothing,Nothing,Nothing,Deningrand Weapon
dragoon_modifier:healing_fog,dragoon_modifier:healing_breeze,dragoon_modifier:sun_rhapsody,dragoon_modifier:angel's_prayer,dragoon_modifier:depetrifier,dragoon_modifier:mind_purifier,dragoon_modifier:body_purifier,dragoon_modifier:spark_net,dragoon_modifier:thunderbolt,dragoon_modifier:charm_potion,dragoon_modifier:psyche_bomb,Nothing,Nothing,Nothing,Nothing,Nothing,Nothing,Nothing,Nothing,Nothing,Nothing,Nothing,Nothing,Nothing,Nothing,Nothing,Nothing,Nothing,Nothing,Nothing,Nothing,Nothing,Nothing,Deningrad Item
dragoon_modifier:war_hammer,dragoon_modifier:magical_ring,dragoon_modifier:spiritual_ring,dragoon_modifier:spirit_cloak,Nothing,Nothing,Nothing,Nothing,Nothing,Nothing,Nothing,Nothing,Nothing,Nothing,Nothing,Nothing,Nothing,Nothing,Nothing,Nothing,Nothing,Nothing,Nothing,Nothing,Nothing,Nothing,Nothing,Nothing,Nothing,Nothing,Nothing,Nothing,Nothing,Forest of Winglies Weapon
dragoon_modifier:healing_fog,dragoon_modifier:sun_rhapsody,dragoon_modifier:healing_breeze,dragoon_modifier:angel's_prayer,dragoon_modifier:mind_purifier,dragoon_modifier:body_purifier,dragoon_modifier:dark_mist,dragoon_modifier:black_rain,Nothing,Nothing,Nothing,Nothing,Nothing,Nothing,Nothing,Nothing,Nothing,Nothing,Nothing,Nothing,Nothing,Nothing,Nothing,Nothing,Nothing,Nothing,Nothing,Nothing,Nothing,Nothing,Nothing,Nothing,Nothing,Forest of Winglies Item
dragoon_modifier:partisan,dragoon_modifier:heavy_mace,dragoon_modifier:giganto_armor,dragoon_modifier:energy_girdle,dragoon_modifier:giganto_ring,Nothing,Nothing,Nothing,Nothing,Nothing,Nothing,Nothing,Nothing,Nothing,Nothing,Nothing,Nothing,Nothing,Nothing,Nothing,Nothing,Nothing,Nothing,Nothing,Nothing,Nothing,Nothing,Nothing,Nothing,Nothing,Nothing,Nothing,Nothing,Vellweb Weapon
dragoon_modifier:healing_fog,dragoon_modifier:healing_breeze,dragoon_modifier:sun_rhapsody,dragoon_modifier:angel's_prayer,dragoon_modifier:mind_purifier,dragoon_modifier:body_purifier,dragoon_modifier:charm_potion,Nothing,Nothing,Nothing,Nothing,Nothing,Nothing,Nothing,Nothing,Nothing,Nothing,Nothing,Nothing,Nothing,Nothing,Nothing,Nothing,Nothing,Nothing,Nothing,Nothing,Nothing,Nothing,Nothing,Nothing,Nothing,Nothing,Vellweb Item
dragoon_modifier:fairy_sword,dragoon_modifier:arrow_of_force,dragoon_modifier:thunder_fist,dragoon_modifier:magical_greaves,dragoon_modifier:magical_ring,dragoon_modifier:spiritual_ring,dragoon_modifier:elude_cloak,dragoon_modifier:spirit_cloak,dragoon_modifier:sage's_cloak,Nothing,Nothing,Nothing,Nothing,Nothing,Nothing,Nothing,Nothing,Nothing,Nothing,Nothing,Nothing,Nothing,Nothing,Nothing,Nothing,Nothing,Nothing,Nothing,Nothing,Nothing,Nothing,Nothing,Nothing,Ulara Weapon
dragoon_modifier:healing_fog,dragoon_modifier:healing_breeze,dragoon_modifier:sun_rhapsody,dragoon_modifier:angel's_prayer,dragoon_modifier:charm_potion,dragoon_modifier:panic_bell,dragoon_modifier:stunning_hammer,dragoon_modifier:poison_needle,dragoon_modifier:midnight_terror,dragoon_modifier:attack_ball,dragoon_modifier:recovery_ball,Nothing,Nothing,Nothing,Nothing,Nothing,Nothing,Nothing,Nothing,Nothing,Nothing,Nothing,Nothing,Nothing,Nothing,Nothing,Nothing,Nothing,Nothing,Nothing,Nothing,Nothing,Nothing,Ulara Item
dragoon_modifier:attack_badge,dragoon_modifier:guard_badge,dragoon_modifier:giganto_ring,Nothing,Nothing,Nothing,Nothing,Nothing,Nothing,Nothing,Nothing,Nothing,Nothing,Nothing,Nothing,Nothing,Nothing,Nothing,Nothing,Nothing,Nothing,Nothing,Nothing,Nothing,Nothing,Nothing,Nothing,Nothing,Nothing,Nothing,Nothing,Nothing,Nothing,Rouge Weapon
dragoon_modifier:healing_fog,dragoon_modifier:healing_breeze,dragoon_modifier:sun_rhapsody,dragoon_modifier:angel's_prayer,dragoon_modifier:mind_purifier,dragoon_modifier:body_purifier,dragoon_modifier:panic_bell,Nothing,Nothing,Nothing,Nothing,Nothing,Nothing,Nothing,Nothing,Nothing,Nothing,Nothing,Nothing,Nothing,Nothing,Nothing,Nothing,Nothing,Nothing,Nothing,Nothing,Nothing,Nothing,Nothing,Nothing,Nothing,Nothing,Rouge Item
dragoon_modifier:claymore,dragoon_modifier:halberd,dragoon_modifier:basher,dragoon_modifier:destroyer_mace,dragoon_modifier:red_dg_armor,dragoon_modifier:jade_dg_armor,dragoon_modifier:gold_dg_armor,dragoon_modifier:violet_dg_armor,dragoon_modifier:silver_dg_armor,dragoon_modifier:dark_dg_armor,dragoon_modifier:blue_dg_armor,dragoon_modifier:magical_ring,dragoon_modifier:spiritual_ring,dragoon_modifier:attack_badge,dragoon_modifier:guard_badge,dragoon_modifier:giganto_ring,Nothing,Nothing,Nothing,Nothing,Nothing,Nothing,Nothing,Nothing,Nothing,Nothing,Nothing,Nothing,Nothing,Nothing,Nothing,Nothing,Nothing,Moon Weapon
dragoon_modifier:healing_fog,dragoon_modifier:healing_breeze,dragoon_modifier:sun_rhapsody,dragoon_modifier:angel's_prayer,dragoon_modifier:depetrifier,dragoon_modifier:mind_purifier,dragoon_modifier:body_purifier,dragoon_modifier:panic_bell,dragoon_modifier:poison_needle,Nothing,Nothing,Nothing,Nothing,Nothing,Nothing,Nothing,Nothing,Nothing,Nothing,Nothing,Nothing,Nothing,Nothing,Nothing,Nothing,Nothing,Nothing,Nothing,Nothing,Nothing,Nothing,Nothing,Nothing,Moon Item
dragoon_modifier:healing_potion,dragoon_modifier:angel's_prayer,dragoon_modifier:spark_net,Nothing,Nothing,Nothing,Nothing,Nothing,Nothing,Nothing,Nothing,Nothing,Nothing,Nothing,Nothing,Nothing,Nothing,Nothing,Nothing,Nothing,Nothing,Nothing,Nothing,Nothing,Nothing,Nothing,Nothing,Nothing,Nothing,Nothing,Nothing,Nothing,Nothing,Hellena I
dragoon_modifier:mind_crush,dragoon_modifier:battle_axe,dragoon_modifier:flamberge,dragoon_modifier:virulent_arrow,dragoon_modifier:saint_armor,dragoon_modifier:robe,dragoon_modifier:guard_badge,Nothing,Nothing,Nothing,Nothing,Nothing,Nothing,Nothing,Nothing,Nothing,Nothing,Nothing,Nothing,Nothing,Nothing,Nothing,Nothing,Nothing,Nothing,Nothing,Nothing,Nothing,Nothing,Nothing,Nothing,Nothing,Nothing,Kashua Weapon
dragoon_modifier:healing_fog,dragoon_modifier:healing_breeze,dragoon_modifier:sun_rhapsody,dragoon_modifier:angel's_prayer,dragoon_modifier:body_purifier,dragoon_modifier:charm_potion,Nothing,Nothing,Nothing,Nothing,Nothing,Nothing,Nothing,Nothing,Nothing,Nothing,Nothing,Nothing,Nothing,Nothing,Nothing,Nothing,Nothing,Nothing,Nothing,Nothing,Nothing,Nothing,Nothing,Nothing,Nothing,Nothing,Nothing,Kashua Item
dragoon_modifier:ruby_ring,dragoon_modifier:sapphire_pin,dragoon_modifier:emerald_earring,dragoon_modifier:platinum_collar,Nothing,Nothing,Nothing,Nothing,Nothing,Nothing,Nothing,Nothing,Nothing,Nothing,Nothing,Nothing,Nothing,Nothing,Nothing,Nothing,Nothing,Nothing,Nothing,Nothing,Nothing,Nothing,Nothing,Nothing,Nothing,Nothing,Nothing,Nothing,Nothing,Fletz Jewelry
dragoon_modifier:healing_potion,dragoon_modifier:body_purifier,dragoon_modifier:burn_out,dragoon_modifier:charm_potion,Nothing,Nothing,Nothing,Nothing,Nothing,Nothing,Nothing,Nothing,Nothing,Nothing,Nothing,Nothing,Nothing,Nothing,Nothing,Nothing,Nothing,Nothing,Nothing,Nothing,Nothing,Nothing,Nothing,Nothing,Nothing,Nothing,Nothing,Nothing,Nothing,Forest
dragoon_modifier:fake_power_wrist,dragoon_modifier:fake_shield,Nothing,Nothing,Nothing,Nothing,Nothing,Nothing,Nothing,Nothing,Nothing,Nothing,Nothing,Nothing,Nothing,Nothing,Nothing,Nothing,Nothing,Nothing,Nothing,Nothing,Nothing,Nothing,Nothing,Nothing,Nothing,Nothing,Nothing,Nothing,Nothing,Nothing,Nothing,Kazas Secret
dragoon_modifier:healing_potion,dragoon_modifier:sun_rhapsody,dragoon_modifier:angel's_prayer,dragoon_modifier:mind_purifier,dragoon_modifier:body_purifier,dragoon_modifier:dancing_ray,dragoon_modifier:pellet,Nothing,Nothing,Nothing,Nothing,Nothing,Nothing,Nothing,Nothing,Nothing,Nothing,Nothing,Nothing,Nothing,Nothing,Nothing,Nothing,Nothing,Nothing,Nothing,Nothing,Nothing,Nothing,Nothing,Nothing,Nothing,Nothing,Volcano Villude
dragoon_modifier:great_axe,dragoon_modifier:_,dragoon_modifier:gladius,dragoon_modifier:red_dg_armor,dragoon_modifier:jade_dg_armor,dragoon_modifier:dark_dg_armor,dragoon_modifier:blue_dg_armor,dragoon_modifier:panic_guard,dragoon_modifier:bravery_amulet,dragoon_modifier:destone_amulet,Nothing,Nothing,Nothing,Nothing,Nothing,Nothing,Nothing,Nothing,Nothing,Nothing,Nothing,Nothing,Nothing,Nothing,Nothing,Nothing,Nothing,Nothing,Nothing,Nothing,Nothing,Nothing,Nothing,Zenebatow Weapon
dragoon_modifier:healing_fog,dragoon_modifier:sun_rhapsody,dragoon_modifier:healing_breeze,dragoon_modifier:angel's_prayer,dragoon_modifier:depetrifier,dragoon_modifier:mind_purifier,dragoon_modifier:body_purifier,dragoon_modifier:charm_potion,Nothing,Nothing,Nothing,Nothing,Nothing,Nothing,Nothing,Nothing,Nothing,Nothing,Nothing,Nothing,Nothing,Nothing,Nothing,Nothing,Nothing,Nothing,Nothing,Nothing,Nothing,Nothing,Nothing,Nothing,Nothing,Zenebatos Item
dragoon_modifier:healing_potion,dragoon_modifier:sun_rhapsody,dragoon_modifier:angel's_prayer,dragoon_modifier:mind_purifier,dragoon_modifier:midnight_terror,dragoon_modifier:thunderbolt,Nothing,Nothing,Nothing,Nothing,Nothing,Nothing,Nothing,Nothing,Nothing,Nothing,Nothing,Nothing,Nothing,Nothing,Nothing,Nothing,Nothing,Nothing,Nothing,Nothing,Nothing,Nothing,Nothing,Nothing,Nothing,Nothing,Nothing,Hellena II
dragoon_modifier:healing_potion,dragoon_modifier:sun_rhapsody,dragoon_modifier:angel's_prayer,Nothing,Nothing,Nothing,Nothing,Nothing,Nothing,Nothing,Nothing,Nothing,Nothing,Nothing,Nothing,Nothing,Nothing,Nothing,Nothing,Nothing,Nothing,Nothing,Nothing,Nothing,Nothing,Nothing,Nothing,Nothing,Nothing,Nothing,Nothing,Nothing,Nothing,
dragoon_modifier:healing_fog,dragoon_modifier:healing_breeze,dragoon_modifier:angel's_prayer,dragoon_modifier:sun_rhapsody,dragoon_modifier:mind_purifier,dragoon_modifier:body_purifier,dragoon_modifier:depetrifier,Nothing,Nothing,Nothing,Nothing,Nothing,Nothing,Nothing,Nothing,Nothing,Nothing,Nothing,Nothing,Nothing,Nothing,Nothing,Nothing,Nothing,Nothing,Nothing,Nothing,Nothing,Nothing,Nothing,Nothing,Nothing,Nothing,
dragoon_modifier:burn_out,dragoon_modifier:spinning_gale,dragoon_modifier:trans_light,dragoon_modifier:dark_mist,dragoon_modifier:spark_net,dragoon_modifier:spear_frost,dragoon_modifier:pellet,Nothing,Nothing,Nothing,Nothing,Nothing,Nothing,Nothing,Nothing,Nothing,Nothing,Nothing,Nothing,Nothing,Nothing,Nothing,Nothing,Nothing,Nothing,Nothing,Nothing,Nothing,Nothing,Nothing,Nothing,Nothing,Nothing,
Nothing,Nothing,Nothing,Nothing,Nothing,Nothing,Nothing,Nothing,Nothing,Nothing,Nothing,Nothing,Nothing,Nothing,Nothing,Nothing,Nothing,Nothing,Nothing,Nothing,Nothing,Nothing,Nothing,Nothing,Nothing,Nothing,Nothing,Nothing,Nothing,Nothing,Nothing,Nothing,Nothing,
Nothing,Nothing,Nothing,Nothing,Nothing,Nothing,Nothing,Nothing,Nothing,Nothing,Nothing,Nothing,Nothing,Nothing,Nothing,Nothing,Nothing,Nothing,Nothing,Nothing,Nothing,Nothing,Nothing,Nothing,Nothing,Nothing,Nothing,Nothing,Nothing,Nothing,Nothing,Nothing,Nothing,
Nothing,Nothing,Nothing,Nothing,Nothing,Nothing,Nothing,Nothing,Nothing,Nothing,Nothing,Nothing,Nothing,Nothing,Nothing,Nothing,Nothing,Nothing,Nothing,Nothing,Nothing,Nothing,Nothing,Nothing,Nothing,Nothing,Nothing,Nothing,Nothing,Nothing,Nothing,Nothing,Nothing,
Nothing,Nothing,Nothing,Nothing,Nothing,Nothing,Nothing,Nothing,Nothing,Nothing,Nothing,Nothing,Nothing,Nothing,Nothing,Nothing,Nothing,Nothing,Nothing,Nothing,Nothing,Nothing,Nothing,Nothing,Nothing,Nothing,Nothing,Nothing,Nothing,Nothing,Nothing,Nothing,Nothing,
Nothing,Nothing,Nothing,Nothing,Nothing,Nothing,Nothing,Nothing,Nothing,Nothing,Nothing,Nothing,Nothing,Nothing,Nothing,Nothing,Nothing,Nothing,Nothing,Nothing,Nothing,Nothing,Nothing,Nothing,Nothing,Nothing,Nothing,Nothing,Nothing,Nothing,Nothing,Nothing,Nothing,
Nothing,Nothing,Nothing,Nothing,Nothing,Nothing,Nothing,Nothing,Nothing,Nothing,Nothing,Nothing,Nothing,Nothing,Nothing,Nothing,Nothing,Nothing,Nothing,Nothing,Nothing,Nothing,Nothing,Nothing,Nothing,Nothing,Nothing,Nothing,Nothing,Nothing,Nothing,Nothing,Nothing,
Nothing,Nothing,Nothing,Nothing,Nothing,Nothing,Nothing,Nothing,Nothing,Nothing,Nothing,Nothing,Nothing,Nothing,Nothing,Nothing,Nothing,Nothing,Nothing,Nothing,Nothing,Nothing,Nothing,Nothing,Nothing,Nothing,Nothing,Nothing,Nothing,Nothing,Nothing,Nothing,Nothing,
Nothing,Nothing,Nothing,Nothing,Nothing,Nothing,Nothing,Nothing,Nothing,Nothing,Nothing,Nothing,Nothing,Nothing,Nothing,Nothing,Nothing,Nothing,Nothing,Nothing,Nothing,Nothing,Nothing,Nothing,Nothing,Nothing,Nothing,Nothing,Nothing,Nothing,Nothing,Nothing,Nothing,
Nothing,Nothing,Nothing,Nothing,Nothing,Nothing,Nothing,Nothing,Nothing,Nothing,Nothing,Nothing,Nothing,Nothing,Nothing,Nothing,Nothing,Nothing,Nothing,Nothing,Nothing,Nothing,Nothing,Nothing,Nothing,Nothing,Nothing,Nothing,Nothing,Nothing,Nothing,Nothing,Nothing,
Nothing,Nothing,Nothing,Nothing,Nothing,Nothing,Nothing,Nothing,Nothing,Nothing,Nothing,Nothing,Nothing,Nothing,Nothing,Nothing,Nothing,Nothing,Nothing,Nothing,Nothing,Nothing,Nothing,Nothing,Nothing,Nothing,Nothing,Nothing,Nothing,Nothing,Nothing,Nothing,Nothing,
Nothing,Nothing,Nothing,Nothing,Nothing,Nothing,Nothing,Nothing,Nothing,Nothing,Nothing,Nothing,Nothing,Nothing,Nothing,Nothing,Nothing,Nothing,Nothing,Nothing,Nothing,Nothing,Nothing,Nothing,Nothing,Nothing,Nothing,Nothing,Nothing,Nothing,Nothing,Nothing,Nothing,
Nothing,Nothing,Nothing,Nothing,Nothing,Nothing,Nothing,Nothing,Nothing,Nothing,Nothing,Nothing,Nothing,Nothing,Nothing,Nothing,Nothing,Nothing,Nothing,Nothing,Nothing,Nothing,Nothing,Nothing,Nothing,Nothing,Nothing,Nothing,Nothing,Nothing,Nothing,Nothing,Nothing,
Nothing,Nothing,Nothing,Nothing,Nothing,Nothing,Nothing,Nothing,Nothing,Nothing,Nothing,Nothing,Nothing,Nothing,Nothing,Nothing,Nothing,Nothing,Nothing,Nothing,Nothing,Nothing,Nothing,Nothing,Nothing,Nothing,Nothing,Nothing,Nothing,Nothing,Nothing,Nothing,Nothing,
Nothing,Nothing,Nothing,Nothing,Nothing,Nothing,Nothing,Nothing,Nothing,Nothing,Nothing,Nothing,Nothing,Nothing,Nothing,Nothing,Nothing,Nothing,Nothing,Nothing,Nothing,Nothing,Nothing,Nothing,Nothing,Nothing,Nothing,Nothing,Nothing,Nothing,Nothing,Nothing,Nothing,
Nothing,Nothing,Nothing,Nothing,Nothing,Nothing,Nothing,Nothing,Nothing,Nothing,Nothing,Nothing,Nothing,Nothing,Nothing,Nothing,Nothing,Nothing,Nothing,Nothing,Nothing,Nothing,Nothing,Nothing,Nothing,Nothing,Nothing,Nothing,Nothing,Nothing,Nothing,Nothing,Nothing,
Nothing,Nothing,Nothing,Nothing,Nothing,Nothing,Nothing,Nothing,Nothing,Nothing,Nothing,Nothing,Nothing,Nothing,Nothing,Nothing,Nothing,Nothing,Nothing,Nothing,Nothing,Nothing,Nothing,Nothing,Nothing,Nothing,Nothing,Nothing,Nothing,Nothing,Nothing,Nothing,Nothing,
Nothing,Nothing,Nothing,Nothing,Nothing,Nothing,Nothing,Nothing,Nothing,Nothing,Nothing,Nothing,Nothing,Nothing,Nothing,Nothing,Nothing,Nothing,Nothing,Nothing,Nothing,Nothing,Nothing,Nothing,Nothing,Nothing,Nothing,Nothing,Nothing,Nothing,Nothing,Nothing,Nothing,
Nothing,Nothing,Nothing,Nothing,Nothing,Nothing,Nothing,Nothing,Nothing,Nothing,Nothing,Nothing,Nothing,Nothing,Nothing,Nothing,Nothing,Nothing,Nothing,Nothing,Nothing,Nothing,Nothing,Nothing,Nothing,Nothing,Nothing,Nothing,Nothing,Nothing,Nothing,Nothing,Nothing,
Nothing,Nothing,Nothing,Nothing,Nothing,Nothing,Nothing,Nothing,Nothing,Nothing,Nothing,Nothing,Nothing,Nothing,Nothing,Nothing,Nothing,Nothing,Nothing,Nothing,Nothing,Nothing,Nothing,Nothing,Nothing,Nothing,Nothing,Nothing,Nothing,Nothing,Nothing,Nothing,Nothing,
Nothing,Nothing,Nothing,Nothing,Nothing,Nothing,Nothing,Nothing,Nothing,Nothing,Nothing,Nothing,Nothing,Nothing,Nothing,Nothing,Nothing,Nothing,Nothing,Nothing,Nothing,Nothing,Nothing,Nothing,Nothing,Nothing,Nothing,Nothing,Nothing,Nothing,Nothing,Nothing,Nothing,
Nothing,Nothing,Nothing,Nothing,Nothing,Nothing,Nothing,Nothing,Nothing,Nothing,Nothing,Nothing,Nothing,Nothing,Nothing,Nothing,Nothing,Nothing,Nothing,Nothing,Nothing,Nothing,Nothing,Nothing,Nothing,Nothing,Nothing,Nothing,Nothing,Nothing,Nothing,Nothing,Nothing,
Nothing,Nothing,Nothing,Nothing,Nothing,Nothing,Nothing,Nothing,Nothing,Nothing,Nothing,Nothing,Nothing,Nothing,Nothing,Nothing,Nothing,Nothing,Nothing,Nothing,Nothing,Nothing,Nothing,Nothing,Nothing,Nothing,Nothing,Nothing,Nothing,Nothing,Nothing,Nothing,Nothing,
Nothing,Nothing,Nothing,Nothing,Nothing,Nothing,Nothing,Nothing,Nothing,Nothing,Nothing,Nothing,Nothing,Nothing,Nothing,Nothing,Nothing,Nothing,Nothing,Nothing,Nothing,Nothing,Nothing,Nothing,Nothing,Nothing,Nothing,Nothing,Nothing,Nothing,Nothing,Nothing,Nothing,
